payment_id,distributor_id,invoice_id,invoice_date,invoice_amount_inr,due_date,payment_date,amount_paid_inr,payment_status
PAY-000717,DIST-063,INV-000717,2025-09-29,257488,2025-10-29,2025-11-18,257488,paid
PAY-000757,DIST-067,INV-000757,2024-08-01,333376,2024-08-22,2024-10-01,333376,paid
PAY-000523,DIST-046,INV-000523,2025-07-02,47886,2025-07-17,2025-07-16,47886,paid
PAY-001173,DIST-105,INV-001173,2025-02-17,32931,2025-03-04,,0,overdue
PAY-000678,DIST-060,INV-000678,2026-03-22,104443,2026-05-06,2026-06-03,104443,paid
PAY-000396,DIST-036,INV-000396,2025-08-06,14071,2025-09-20,2025-09-20,14071,paid
PAY-000069,DIST-006,INV-000069,2025-06-15,84342,2025-07-15,2025-07-12,84342,paid
PAY-001216,DIST-111,INV-001216,2024-09-02,145941,2024-10-17,2024-11-06,78960,partial
PAY-001183,DIST-106,INV-001183,2024-12-30,252310,2025-01-29,2025-02-09,126896,partial
PAY-000468,DIST-042,INV-000468,2024-11-20,216505,2024-12-20,2024-12-18,216505,paid
PAY-000262,DIST-024,INV-000262,2024-12-22,97032,2025-01-12,2025-01-12,97032,paid
PAY-000043,DIST-004,INV-000043,2025-07-05,149259,2025-08-04,2025-08-04,149259,paid
PAY-000624,DIST-055,INV-000624,2026-03-13,289122,2026-04-12,2026-05-15,289122,paid
PAY-000416,DIST-037,INV-000416,2025-06-02,227732,2025-07-17,2025-07-16,227732,paid
PAY-001045,DIST-094,INV-001045,2024-12-17,281489,2025-01-16,,0,overdue
PAY-000753,DIST-066,INV-000753,2025-07-21,83644,2025-08-20,2025-08-20,83644,paid
PAY-000406,DIST-037,INV-000406,2024-08-13,77418,2024-09-27,2024-09-25,77418,paid
PAY-000431,DIST-039,INV-000431,2025-02-10,218108,2025-03-03,2025-03-02,218108,paid
PAY-000020,DIST-002,INV-000020,2025-09-30,215500,2025-10-15,2025-10-13,215500,paid
PAY-000692,DIST-061,INV-000692,2026-02-25,40965,2026-03-27,2026-03-25,40965,paid
PAY-000414,DIST-037,INV-000414,2025-03-26,228194,2025-05-10,2025-05-08,228194,paid
PAY-000174,DIST-015,INV-000174,2025-10-28,28359,2025-12-12,2025-12-10,28359,paid
PAY-000928,DIST-083,INV-000928,2025-06-30,71916,2025-07-21,2025-08-05,50678,partial
PAY-000901,DIST-080,INV-000901,2025-12-23,185914,2026-01-13,2026-01-10,185914,paid
PAY-000422,DIST-038,INV-000422,2025-02-24,108198,2025-03-11,2025-03-11,108198,paid
PAY-000429,DIST-039,INV-000429,2024-11-28,105104,2024-12-19,2024-12-18,105104,paid
PAY-000276,DIST-025,INV-000276,2024-10-06,294743,2024-10-27,2024-10-25,294743,paid
PAY-000694,DIST-062,INV-000694,2024-11-02,12107,2024-12-02,2024-11-30,12107,paid
PAY-000492,DIST-044,INV-000492,2025-07-14,18152,2025-07-29,2025-07-26,18152,paid
PAY-000481,DIST-043,INV-000481,2025-11-20,74328,2026-01-04,2026-01-01,74328,paid
PAY-000469,DIST-042,INV-000469,2024-12-31,224474,2025-01-30,2025-01-28,224474,paid
PAY-000787,DIST-070,INV-000787,2025-01-15,95183,2025-03-01,2025-03-13,95183,paid
PAY-000398,DIST-036,INV-000398,2025-09-30,14082,2025-11-14,2025-11-12,14082,paid
PAY-000672,DIST-060,INV-000672,2025-08-31,235014,2025-10-15,2025-10-15,235014,paid
PAY-000732,DIST-065,INV-000732,2025-07-31,21240,2025-08-30,2025-09-28,21240,paid
PAY-000938,DIST-084,INV-000938,2025-01-31,59588,2025-03-17,2025-03-14,59588,paid
PAY-000453,DIST-040,INV-000453,2026-05-29,24763,2026-06-19,2026-06-19,24763,paid
PAY-000889,DIST-079,INV-000889,2025-06-06,122016,2025-06-21,2025-06-21,122016,paid
PAY-001145,DIST-102,INV-001145,2026-01-01,94826,2026-01-31,2026-02-14,52357,partial
PAY-000418,DIST-038,INV-000418,2024-11-05,131336,2024-11-20,2024-11-19,131336,paid
PAY-000566,DIST-050,INV-000566,2024-07-27,48720,2024-08-17,2024-08-16,48720,paid
PAY-000287,DIST-026,INV-000287,2025-05-24,102277,2025-06-08,2025-06-06,102277,paid
PAY-000568,DIST-050,INV-000568,2024-10-08,65877,2024-10-29,2024-10-28,65877,paid
PAY-000229,DIST-020,INV-000229,2025-04-18,147893,2025-05-03,2025-05-01,147893,paid
PAY-001221,DIST-111,INV-001221,2025-02-16,116721,2025-04-02,2025-04-14,71548,partial
PAY-001135,DIST-101,INV-001135,2025-09-16,202183,2025-10-16,2025-11-16,202183,paid
PAY-000945,DIST-085,INV-000945,2024-09-10,16123,2024-10-25,2024-11-15,16123,paid
PAY-000844,DIST-075,INV-000844,2025-05-03,22715,2025-06-02,2025-07-14,22715,paid
PAY-000167,DIST-015,INV-000167,2025-02-16,27519,2025-04-02,2025-03-30,27519,paid
PAY-000700,DIST-062,INV-000700,2025-04-21,30805,2025-05-21,2025-06-19,30805,paid
PAY-000579,DIST-051,INV-000579,2025-07-03,15389,2025-07-18,2025-07-16,15389,paid
PAY-000059,DIST-006,INV-000059,2024-07-15,67279,2024-08-14,2024-08-13,67279,paid
PAY-001105,DIST-099,INV-001105,2024-08-21,26821,2024-10-05,,0,overdue
PAY-000737,DIST-065,INV-000737,2025-12-21,26014,2026-01-20,2026-01-19,26014,paid
PAY-000642,DIST-057,INV-000642,2025-07-10,76387,2025-08-09,2025-09-11,76387,paid
PAY-001035,DIST-093,INV-001035,2025-04-17,236985,2025-06-01,,0,overdue
PAY-000812,DIST-072,INV-000812,2025-11-05,13192,2025-12-20,2026-01-26,13192,paid
PAY-001027,DIST-092,INV-001027,2025-05-02,178981,2025-06-01,,0,overdue
PAY-000060,DIST-006,INV-000060,2024-08-15,63892,2024-09-14,2024-09-12,63892,paid
PAY-000310,DIST-028,INV-000310,2025-08-23,11767,2025-09-13,2025-09-11,11767,paid
PAY-000625,DIST-055,INV-000625,2026-04-21,146588,2026-05-21,2026-06-08,146588,paid
PAY-001060,DIST-095,INV-001060,2025-10-26,135980,2025-11-25,2025-11-24,135980,paid
PAY-000333,DIST-030,INV-000333,2025-03-26,102067,2025-04-16,2025-04-15,102067,paid
PAY-000354,DIST-032,INV-000354,2025-03-21,331952,2025-04-20,2025-04-19,331952,paid
PAY-000116,DIST-010,INV-000116,2025-10-08,223573,2025-11-07,2025-11-07,223573,paid
PAY-000376,DIST-034,INV-000376,2025-08-13,243080,2025-08-28,2025-08-27,243080,paid
PAY-001120,DIST-100,INV-001120,2025-04-06,25066,2025-05-21,,0,overdue
PAY-000918,DIST-082,INV-000918,2025-01-20,250186,2025-02-04,2025-02-01,250186,paid
PAY-000997,DIST-089,INV-000997,2025-04-16,19961,2025-05-01,2025-05-14,19961,paid
PAY-000093,DIST-008,INV-000093,2025-02-01,213896,2025-02-16,2025-02-13,213896,paid
PAY-000188,DIST-017,INV-000188,2025-07-16,118451,2025-08-30,2025-08-30,118451,paid
PAY-000386,DIST-035,INV-000386,2025-01-09,53355,2025-02-23,2025-02-23,53355,paid
PAY-000790,DIST-070,INV-000790,2025-04-21,98982,2025-06-05,2025-07-06,98982,paid
PAY-000924,DIST-082,INV-000924,2025-07-29,196864,2025-08-13,2025-08-11,196864,paid
PAY-000981,DIST-088,INV-000981,2025-06-14,66791,2025-07-14,2025-08-24,66791,paid
PAY-000908,DIST-081,INV-000908,2025-06-03,72242,2025-07-03,2025-07-14,49541,partial
PAY-000162,DIST-015,INV-000162,2024-08-27,16946,2024-10-11,2024-10-10,16946,paid
PAY-000197,DIST-018,INV-000197,2024-10-08,173642,2024-10-23,2024-10-23,173642,paid
PAY-001223,DIST-111,INV-001223,2025-05-01,102730,2025-06-15,2025-07-09,102730,paid
PAY-001108,DIST-099,INV-001108,2024-12-09,20364,2025-01-23,2025-01-20,20364,paid
PAY-000933,DIST-083,INV-000933,2025-12-19,52651,2026-01-09,2026-01-09,52651,paid
PAY-001098,DIST-098,INV-001098,2026-01-03,160834,2026-01-24,2026-02-09,92573,partial
PAY-000400,DIST-036,INV-000400,2025-11-21,17246,2026-01-05,2026-01-05,17246,paid
PAY-000663,DIST-059,INV-000663,2026-01-06,92481,2026-01-21,2026-02-23,92481,paid
PAY-000102,DIST-009,INV-000102,2024-12-25,152194,2025-01-24,2025-01-24,152194,paid
PAY-000115,DIST-010,INV-000115,2025-09-08,249564,2025-10-08,2025-10-05,249564,paid
PAY-000215,DIST-019,INV-000215,2025-05-19,104507,2025-06-09,2025-06-09,104507,paid
PAY-001257,DIST-117,INV-001257,2025-01-01,60546,2025-01-22,2025-05-09,0,written_off
PAY-000478,DIST-043,INV-000478,2025-08-06,71533,2025-09-20,2025-09-17,71533,paid
PAY-000013,DIST-002,INV-000013,2025-03-20,192869,2025-04-04,2025-04-03,192869,paid
PAY-000772,DIST-068,INV-000772,2024-12-02,107736,2025-01-01,2024-12-29,107736,paid
PAY-000365,DIST-033,INV-000365,2025-04-21,21127,2025-06-05,2025-06-02,21127,paid
PAY-001235,DIST-113,INV-001235,2024-10-22,18433,2024-11-12,2025-03-02,0,written_off
PAY-000189,DIST-017,INV-000189,2025-08-07,51495,2025-09-21,2025-09-21,51495,paid
PAY-000907,DIST-081,INV-000907,2025-05-03,84156,2025-06-02,2025-05-30,84156,paid
PAY-000498,DIST-044,INV-000498,2026-01-30,27271,2026-02-14,2026-02-13,27271,paid
PAY-000411,DIST-037,INV-000411,2025-01-03,161342,2025-02-17,2025-02-17,161342,paid
PAY-000971,DIST-087,INV-000971,2025-09-16,68707,2025-10-07,,0,overdue
PAY-000417,DIST-037,INV-000417,2025-06-26,235652,2025-08-10,2025-08-09,235652,paid
PAY-000394,DIST-036,INV-000394,2025-06-03,30457,2025-07-18,2025-07-16,30457,paid
PAY-000421,DIST-038,INV-000421,2025-02-01,207811,2025-02-16,2025-02-15,207811,paid
PAY-000845,DIST-076,INV-000845,2024-09-15,30976,2024-10-06,2024-10-28,30976,paid
PAY-000278,DIST-025,INV-000278,2024-11-28,193883,2024-12-19,2024-12-18,193883,paid
PAY-000138,DIST-012,INV-000138,2025-07-20,13430,2025-08-10,2025-08-07,13430,paid
PAY-000369,DIST-034,INV-000369,2024-12-21,102739,2025-01-05,2025-01-02,102739,paid
PAY-000546,DIST-048,INV-000546,2025-09-05,55783,2025-10-05,2025-10-03,55783,paid
PAY-001044,DIST-094,INV-001044,2024-11-16,262809,2024-12-16,,0,overdue
PAY-000137,DIST-012,INV-000137,2025-06-28,20918,2025-07-19,2025-07-18,20918,paid
PAY-000587,DIST-052,INV-000587,2024-09-02,245292,2024-09-23,2024-10-05,245292,paid
PAY-000807,DIST-072,INV-000807,2025-06-01,11688,2025-07-16,2025-08-07,11688,paid
PAY-001001,DIST-090,INV-001001,2024-12-03,68479,2024-12-18,2025-01-17,68479,paid
PAY-000839,DIST-075,INV-000839,2024-12-04,17354,2025-01-03,2025-01-22,17354,paid
PAY-000427,DIST-038,INV-000427,2025-08-07,267650,2025-08-22,2025-08-22,267650,paid
PAY-000154,DIST-014,INV-000154,2025-03-06,56690,2025-03-27,2025-03-24,75214,paid
PAY-000404,DIST-036,INV-000404,2026-04-28,29996,2026-06-12,2026-06-10,29996,paid
PAY-001028,DIST-092,INV-001028,2025-05-31,309304,2025-06-30,2025-08-10,309304,paid
PAY-000238,DIST-021,INV-000238,2025-07-10,28612,2025-07-25,2025-07-25,28612,paid
PAY-000083,DIST-007,INV-000083,2025-05-10,80603,2025-05-25,2025-05-25,80603,paid
PAY-001250,DIST-116,INV-001250,2024-06-06,216847,2024-06-27,2024-09-14,0,written_off
PAY-000210,DIST-019,INV-000210,2024-12-28,105735,2025-01-18,2025-01-15,105735,paid
PAY-000520,DIST-046,INV-000520,2025-04-05,45266,2025-04-20,2025-04-17,45266,paid
PAY-001116,DIST-100,INV-001116,2024-12-13,64624,2025-01-27,2025-03-09,64624,paid
PAY-000318,DIST-029,INV-000318,2024-08-10,103593,2024-09-24,2024-09-23,103593,paid
PAY-000522,DIST-046,INV-000522,2025-05-31,81514,2025-06-15,2025-06-14,81514,paid
PAY-000645,DIST-058,INV-000645,2025-05-09,52568,2025-05-24,2025-05-21,52568,paid
PAY-000399,DIST-036,INV-000399,2025-10-31,20487,2025-12-15,2025-12-13,20487,paid
PAY-000186,DIST-017,INV-000186,2025-05-11,123590,2025-06-25,2025-06-24,123590,paid
PAY-000872,DIST-078,INV-000872,2025-10-14,51491,2025-11-28,2026-01-02,51491,paid
PAY-000736,DIST-065,INV-000736,2025-12-01,57527,2025-12-31,2026-02-11,57527,paid
PAY-000147,DIST-013,INV-000147,2025-02-12,183800,2025-03-14,2025-03-14,183800,paid
PAY-001091,DIST-098,INV-001091,2025-05-17,107015,2025-06-07,2025-06-04,107015,paid
PAY-000253,DIST-023,INV-000253,2024-06-04,72426,2024-06-19,2024-06-19,72426,paid
PAY-000039,DIST-004,INV-000039,2025-02-24,195115,2025-03-26,2025-03-24,195115,paid
PAY-000343,DIST-031,INV-000343,2025-11-03,155689,2025-12-18,2025-12-17,155689,paid
PAY-001094,DIST-098,INV-001094,2025-08-05,203748,2025-08-26,2025-09-04,139626,partial
PAY-000463,DIST-041,INV-000463,2025-05-18,33560,2025-06-02,2025-06-02,33560,paid
PAY-000329,DIST-030,INV-000329,2024-12-18,162243,2025-01-08,2025-01-06,162243,paid
PAY-000731,DIST-065,INV-000731,2025-06-19,24426,2025-07-19,2025-08-08,24426,paid
PAY-001212,DIST-110,INV-001212,2025-01-30,30267,2025-03-16,,0,overdue
PAY-000683,DIST-061,INV-000683,2025-04-11,41441,2025-05-11,2025-05-08,41441,paid
PAY-000937,DIST-084,INV-000937,2024-12-26,59348,2025-02-09,2025-02-09,59348,paid
PAY-000742,DIST-065,INV-000742,2026-04-21,36997,2026-05-21,2026-05-20,36997,paid
PAY-000092,DIST-008,INV-000092,2025-01-09,303212,2025-01-24,2025-01-21,303212,paid
PAY-001182,DIST-106,INV-001182,2024-11-28,214831,2024-12-28,,0,overdue
PAY-000372,DIST-034,INV-000372,2025-03-25,238931,2025-04-09,2025-04-09,238931,paid
PAY-000855,DIST-076,INV-000855,2025-08-17,33650,2025-09-07,2025-09-18,33650,paid
PAY-000537,DIST-047,INV-000537,2026-01-28,13056,2026-02-12,2026-02-10,13056,paid
PAY-000120,DIST-011,INV-000120,2024-12-17,50778,2025-01-07,2025-01-04,50778,paid
PAY-000036,DIST-003,INV-000036,2025-11-09,59836,2025-11-24,2025-11-23,59836,paid
PAY-000658,DIST-059,INV-000658,2025-07-23,51600,2025-08-07,2025-08-06,51600,paid
PAY-001055,DIST-095,INV-001055,2025-05-19,185034,2025-06-18,2025-07-28,185034,paid
PAY-000558,DIST-049,INV-000558,2025-09-04,20324,2025-10-19,2025-10-17,20324,paid
PAY-000512,DIST-045,INV-000512,2024-01-18,22884,2024-02-17,2024-02-15,22884,paid
PAY-000366,DIST-033,INV-000366,2025-06-01,53577,2025-07-16,2025-07-16,53577,paid
PAY-001026,DIST-092,INV-001026,2025-03-29,198828,2025-04-28,2025-06-11,198828,paid
PAY-000425,DIST-038,INV-000425,2025-06-04,124125,2025-06-19,2025-06-19,124125,paid
PAY-000419,DIST-038,INV-000419,2024-11-27,206201,2024-12-12,2024-12-12,206201,paid
PAY-000583,DIST-051,INV-000583,2025-10-26,25442,2025-11-10,2025-11-09,25442,paid
PAY-000824,DIST-073,INV-000824,2025-12-06,255980,2026-01-20,2026-02-14,255980,paid
PAY-000685,DIST-061,INV-000685,2025-06-29,54109,2025-07-29,2025-08-09,54109,paid
PAY-000897,DIST-080,INV-000897,2025-09-03,291634,2025-09-24,2025-09-22,291634,paid
PAY-001034,DIST-093,INV-001034,2025-03-28,197951,2025-05-12,2025-05-22,157124,partial
PAY-000801,DIST-071,INV-000801,2024-10-26,26376,2024-11-16,2024-11-13,26376,paid
PAY-000618,DIST-055,INV-000618,2025-08-10,174636,2025-09-09,2025-10-16,174636,paid
PAY-000107,DIST-009,INV-000107,2025-06-24,97977,2025-07-24,2025-07-22,97977,paid
PAY-000119,DIST-010,INV-000119,2026-01-20,136681,2026-02-19,2026-02-18,136681,paid
PAY-000686,DIST-061,INV-000686,2025-08-02,27279,2025-09-01,2025-09-11,27279,paid
PAY-000099,DIST-008,INV-000099,2025-08-24,128221,2025-09-08,2025-09-05,128221,paid
PAY-000834,DIST-074,INV-000834,2025-06-27,66805,2025-07-27,2025-08-25,66805,paid
PAY-000298,DIST-027,INV-000298,2025-05-24,219113,2025-06-14,2025-06-14,219113,paid
PAY-000821,DIST-073,INV-000821,2025-08-19,126211,2025-10-03,2025-10-15,126211,paid
PAY-000241,DIST-021,INV-000241,2025-10-04,25708,2025-10-19,2025-10-18,25708,paid
PAY-000536,DIST-047,INV-000536,2025-12-20,32114,2026-01-04,2026-01-03,32114,paid
PAY-000441,DIST-039,INV-000441,2026-01-01,162356,2026-01-22,2026-01-21,162356,paid
PAY-001111,DIST-099,INV-001111,2025-03-27,42432,2025-05-11,2025-05-10,42432,paid
PAY-000552,DIST-049,INV-000552,2025-01-24,19711,2025-03-10,2025-03-07,19711,paid
PAY-000798,DIST-071,INV-000798,2024-07-19,51267,2024-08-09,2024-08-09,51267,paid
PAY-000667,DIST-059,INV-000667,2026-06-06,41723,2026-06-21,2026-06-18,41723,paid
PAY-000212,DIST-019,INV-000212,2025-02-11,133075,2025-03-04,2025-03-02,133075,paid
PAY-001081,DIST-097,INV-001081,2025-10-14,52388,2025-11-13,2025-12-25,52388,paid
PAY-001129,DIST-101,INV-001129,2025-03-28,153955,2025-04-27,,0,overdue
PAY-000294,DIST-026,INV-000294,2026-01-08,159074,2026-01-23,2026-01-22,159074,paid
PAY-000359,DIST-032,INV-000359,2025-09-01,272286,2025-10-01,2025-09-28,272286,paid
PAY-001251,DIST-116,INV-001251,2024-07-02,178442,2024-07-23,2024-10-31,0,written_off
PAY-000637,DIST-057,INV-000637,2025-02-16,43881,2025-03-18,2025-04-13,43881,paid
PAY-000195,DIST-017,INV-000195,2026-02-18,157055,2026-04-04,2026-04-03,157055,paid
PAY-000244,DIST-022,INV-000244,2025-05-17,73197,2025-06-07,2025-06-06,73197,paid
PAY-000548,DIST-048,INV-000548,2025-11-07,53111,2025-12-07,2025-12-07,53111,paid
PAY-000684,DIST-061,INV-000684,2025-05-15,67592,2025-06-14,2025-07-27,67592,paid
PAY-000899,DIST-080,INV-000899,2025-11-01,226516,2025-11-22,2025-11-19,226516,paid
PAY-000729,DIST-064,INV-000729,2026-02-05,221503,2026-02-26,2026-04-07,221503,paid
PAY-000977,DIST-087,INV-000977,2026-04-05,40580,2026-04-26,,0,overdue
PAY-000206,DIST-018,INV-000206,2025-07-26,223014,2025-08-10,2025-08-09,223014,paid
PAY-000620,DIST-055,INV-000620,2025-11-02,250878,2025-12-02,2026-01-03,250878,paid
PAY-000626,DIST-056,INV-000626,2024-07-13,172675,2024-07-28,2024-09-03,172675,paid
PAY-000975,DIST-087,INV-000975,2026-01-11,68384,2026-02-01,,0,overdue
PAY-001191,DIST-107,INV-001191,2025-07-19,256947,2025-08-18,2025-09-03,256947,paid
PAY-000308,DIST-028,INV-000308,2025-06-04,20134,2025-06-25,2025-06-23,20134,paid
PAY-001248,DIST-115,INV-001248,2025-10-04,35835,2025-11-03,,0,overdue
PAY-000140,DIST-012,INV-000140,2025-10-01,14494,2025-10-22,2025-10-19,14494,paid
PAY-000061,DIST-006,INV-000061,2024-09-10,69382,2024-10-10,2024-10-09,69382,paid
PAY-000992,DIST-089,INV-000992,2024-10-15,33303,2024-10-30,,0,overdue
PAY-000124,DIST-011,INV-000124,2025-04-06,49136,2025-04-27,2025-04-24,49136,paid
PAY-000538,DIST-047,INV-000538,2026-02-27,30808,2026-03-14,2026-03-11,30808,paid
PAY-001202,DIST-108,INV-001202,2025-09-05,37711,2025-10-20,2025-11-07,19560,partial
PAY-001171,DIST-105,INV-001171,2024-12-13,52227,2024-12-28,2025-01-24,52227,paid
PAY-000607,DIST-054,INV-000607,2025-08-16,53245,2025-09-06,2025-09-23,53245,paid
PAY-000449,DIST-040,INV-000449,2026-01-07,10319,2026-01-28,2026-01-25,10319,paid
PAY-TRAP-004,DIST-904,INV-TRAP-004,2025-08-09,50000,2025-09-08,2025-09-06,50000,paid
PAY-000460,DIST-041,INV-000460,2025-01-26,22785,2025-02-10,2025-02-09,22785,paid
PAY-000836,DIST-075,INV-000836,2024-09-07,23313,2024-10-07,2024-11-09,23313,paid
PAY-000998,DIST-089,INV-000998,2025-05-17,31826,2025-06-01,2025-06-17,31826,paid
PAY-001010,DIST-090,INV-001010,2025-10-18,69360,2025-11-02,2025-10-30,69360,paid
PAY-000984,DIST-088,INV-000984,2025-09-07,73204,2025-10-07,2025-10-17,31008,partial
PAY-001169,DIST-105,INV-001169,2024-10-11,46335,2024-10-26,2024-11-14,31447,partial
PAY-000025,DIST-003,INV-000025,2024-11-16,46352,2024-12-01,2024-11-30,46352,paid
PAY-001158,DIST-104,INV-001158,2025-02-19,98968,2025-03-21,2025-04-26,98968,paid
PAY-001038,DIST-093,INV-001038,2025-07-19,117955,2025-09-02,2025-09-30,117955,paid
PAY-001140,DIST-102,INV-001140,2025-08-08,84784,2025-09-07,,0,overdue
PAY-000234,DIST-021,INV-000234,2025-03-24,31649,2025-04-08,2025-04-08,31649,paid
PAY-000353,DIST-032,INV-000353,2025-02-15,332767,2025-03-17,2025-03-16,332767,paid
PAY-000018,DIST-002,INV-000018,2025-08-02,153179,2025-08-17,2025-08-16,153179,paid
PAY-000603,DIST-054,INV-000603,2025-03-26,174750,2025-04-16,2025-04-26,174750,paid
PAY-000600,DIST-053,INV-000600,2025-07-04,42266,2025-07-25,2025-09-02,42266,paid
PAY-000177,DIST-016,INV-000177,2025-02-28,28653,2025-03-21,2025-03-20,28653,paid
PAY-000792,DIST-070,INV-000792,2025-06-25,78203,2025-08-09,2025-09-15,78203,paid
PAY-001222,DIST-111,INV-001222,2025-03-20,60452,2025-05-04,,0,overdue
PAY-000911,DIST-081,INV-000911,2025-09-11,56551,2025-10-11,,0,overdue
PAY-000002,DIST-001,INV-000002,2024-12-14,95161,2025-01-04,2025-01-03,95161,paid
PAY-000423,DIST-038,INV-000423,2025-03-31,129730,2025-04-15,2025-04-13,129730,paid
PAY-000344,DIST-031,INV-000344,2025-12-04,85547,2026-01-18,2026-01-17,85547,paid
PAY-001264,DIST-118,INV-001264,2024-12-13,261052,2025-01-12,,0,overdue
PAY-000078,DIST-007,INV-000078,2024-12-05,64706,2024-12-20,2024-12-19,64706,paid
PAY-000504,DIST-045,INV-000504,2024-01-23,15647,2024-02-22,2024-02-20,15647,paid
PAY-000949,DIST-085,INV-000949,2025-01-14,21767,2025-02-28,2025-03-18,12387,partial
PAY-000164,DIST-015,INV-000164,2024-10-25,28535,2024-12-09,2024-12-08,28535,paid
PAY-000578,DIST-051,INV-000578,2025-05-25,20782,2025-06-09,2025-07-02,20782,paid
PAY-000697,DIST-062,INV-000697,2025-02-04,12320,2025-03-06,2025-04-20,12320,paid
PAY-000691,DIST-061,INV-000691,2026-01-27,22890,2026-02-26,2026-04-10,22890,paid
PAY-000817,DIST-072,INV-000817,2026-04-23,34256,2026-06-07,2026-06-06,34256,paid
PAY-000491,DIST-044,INV-000491,2025-06-07,18439,2025-06-22,2025-06-22,18439,paid
PAY-000941,DIST-084,INV-000941,2025-05-08,32112,2025-06-22,2025-07-04,19772,partial
PAY-000144,DIST-013,INV-000144,2024-11-23,169074,2024-12-23,2024-12-20,169074,paid
PAY-000891,DIST-079,INV-000891,2025-08-05,137539,2025-08-20,2025-09-18,137539,paid
PAY-001209,DIST-110,INV-001209,2024-10-25,18709,2024-12-09,2024-12-25,18709,paid
PAY-000967,DIST-087,INV-000967,2025-05-06,62075,2025-05-27,2025-05-27,62075,paid
PAY-001066,DIST-096,INV-001066,2025-02-20,54375,2025-04-06,2025-04-23,54375,paid
PAY-000311,DIST-028,INV-000311,2025-09-28,10817,2025-10-19,2025-10-16,10817,paid
PAY-000293,DIST-026,INV-000293,2025-11-26,51812,2025-12-11,2025-12-08,51812,paid
PAY-001259,DIST-117,INV-001259,2025-03-22,41263,2025-04-12,2025-07-18,0,written_off
PAY-000131,DIST-011,INV-000131,2025-10-20,39078,2025-11-10,2025-11-09,39078,paid
PAY-000173,DIST-015,INV-000173,2025-09-20,25939,2025-11-04,2025-11-03,25939,paid
PAY-001228,DIST-112,INV-001228,2025-01-23,34051,2025-02-07,2025-02-26,34051,paid
PAY-000612,DIST-054,INV-000612,2026-02-01,132250,2026-02-22,2026-02-20,132250,paid
PAY-000384,DIST-035,INV-000384,2024-11-08,154323,2024-12-23,2024-12-21,154323,paid
PAY-001049,DIST-095,INV-001049,2024-11-02,203997,2024-12-02,2024-12-01,203997,paid
PAY-000405,DIST-037,INV-000405,2024-07-20,175203,2024-09-03,2024-09-01,175203,paid
PAY-000597,DIST-053,INV-000597,2025-04-19,101253,2025-05-10,2025-05-07,101253,paid
PAY-000880,DIST-078,INV-000880,2026-06-02,34190,2026-07-17,2026-07-16,34190,paid
PAY-000989,DIST-088,INV-000989,2026-02-25,53708,2026-03-27,2026-03-26,53708,paid
PAY-000505,DIST-045,INV-000505,2024-05-07,31104,2024-06-06,2024-06-04,31104,paid
PAY-000550,DIST-049,INV-000550,2024-11-06,25973,2024-12-21,2024-12-19,25973,paid
PAY-001232,DIST-112,INV-001232,2025-06-07,13672,2025-06-22,2025-07-04,6241,partial
PAY-001003,DIST-090,INV-001003,2025-02-25,50629,2025-03-12,,0,overdue
PAY-000307,DIST-028,INV-000307,2025-04-23,21594,2025-05-14,2025-05-13,21594,paid
PAY-000593,DIST-053,INV-000593,2024-12-02,99467,2024-12-23,2024-12-21,99467,paid
PAY-000236,DIST-021,INV-000236,2025-05-24,20953,2025-06-08,2025-06-08,20953,paid
PAY-001059,DIST-095,INV-001059,2025-10-03,182141,2025-11-02,,0,overdue
PAY-000375,DIST-034,INV-000375,2025-07-01,105710,2025-07-16,2025-07-13,105710,paid
PAY-000528,DIST-046,INV-000528,2025-11-18,49379,2025-12-03,2025-12-01,49379,paid
PAY-000207,DIST-019,INV-000207,2024-09-20,126745,2024-10-11,2024-10-11,126745,paid
PAY-001192,DIST-107,INV-001192,2025-08-31,173770,2025-09-30,,0,overdue
PAY-000756,DIST-067,INV-000756,2024-07-11,343020,2024-08-01,2024-08-01,343020,paid
PAY-000614,DIST-055,INV-000614,2025-05-03,144502,2025-06-02,2025-07-07,144502,paid
PAY-000368,DIST-033,INV-000368,2025-08-06,50158,2025-09-20,2025-09-20,50158,paid
PAY-000820,DIST-073,INV-000820,2025-07-25,174907,2025-09-08,2025-10-09,174907,paid
PAY-001063,DIST-096,INV-001063,2024-11-08,65380,2024-12-23,2025-01-10,65380,paid
PAY-000263,DIST-024,INV-000263,2025-01-30,142856,2025-02-20,2025-02-19,142856,paid
PAY-001207,DIST-109,INV-001207,2025-09-08,190123,2025-09-23,,0,overdue
PAY-000718,DIST-064,INV-000718,2025-04-05,234809,2025-04-26,2025-04-26,234809,paid
PAY-000316,DIST-028,INV-000316,2026-04-03,25478,2026-04-24,2026-04-22,25478,paid
PAY-000487,DIST-044,INV-000487,2025-01-12,20298,2025-01-27,2025-01-27,20298,paid
PAY-000345,DIST-031,INV-000345,2026-01-12,165516,2026-02-26,2026-02-24,165516,paid
PAY-000513,DIST-045,INV-000513,2024-03-12,25696,2024-04-11,2024-04-09,25696,paid
PAY-000015,DIST-002,INV-000015,2025-05-20,140441,2025-06-04,2025-06-03,140441,paid
PAY-001007,DIST-090,INV-001007,2025-07-20,29753,2025-08-04,2025-08-10,13604,partial
PAY-000435,DIST-039,INV-000435,2025-07-06,234618,2025-07-27,2025-07-24,234618,paid
PAY-000927,DIST-083,INV-000927,2025-05-31,165569,2025-06-21,2025-07-09,165569,paid
PAY-000794,DIST-070,INV-000794,2025-08-11,91153,2025-09-25,2025-08-01,91153,paid
PAY-000784,DIST-069,INV-000784,2025-03-28,82453,2025-04-12,2025-04-11,82453,paid
PAY-000332,DIST-030,INV-000332,2025-02-25,159374,2025-03-18,2025-03-18,159374,paid
PAY-000240,DIST-021,INV-000240,2025-09-11,50561,2025-09-26,2025-09-26,50561,paid
PAY-001085,DIST-097,INV-001085,2026-03-03,32374,2026-04-02,2026-03-31,32374,paid
PAY-000347,DIST-031,INV-000347,2026-03-03,79738,2026-04-17,2026-04-17,79738,paid
PAY-000161,DIST-015,INV-000161,2024-07-13,13170,2024-08-27,2024-08-27,13170,paid
PAY-000227,DIST-020,INV-000227,2025-02-16,110524,2025-03-03,2025-03-03,110524,paid
PAY-000610,DIST-054,INV-000610,2025-11-20,153837,2025-12-11,2026-01-20,153837,paid
PAY-001043,DIST-094,INV-001043,2024-10-04,154534,2024-11-03,2024-11-25,154534,paid
PAY-000679,DIST-060,INV-000679,2026-05-03,157784,2026-06-17,2026-06-14,157784,paid
PAY-001198,DIST-108,INV-001198,2025-05-14,72213,2025-06-28,2025-07-08,41719,partial
PAY-001161,DIST-104,INV-001161,2025-06-11,159090,2025-07-11,,0,overdue
PAY-000094,DIST-008,INV-000094,2025-03-08,157923,2025-03-23,2025-03-22,157923,paid
PAY-000589,DIST-052,INV-000589,2024-10-21,258285,2024-11-11,2024-11-09,258285,paid
PAY-000237,DIST-021,INV-000237,2025-06-20,55064,2025-07-05,2025-07-04,55064,paid
PAY-001226,DIST-112,INV-001226,2024-12-05,34295,2024-12-20,2025-01-01,26241,partial
PAY-000153,DIST-014,INV-000153,2025-01-27,42701,2025-02-17,2025-02-14,42701,paid
PAY-000044,DIST-004,INV-000044,2025-07-30,111377,2025-08-29,2025-08-27,111377,paid
PAY-000358,DIST-032,INV-000358,2025-08-02,241307,2025-09-01,2025-08-29,241307,paid
PAY-000324,DIST-029,INV-000324,2025-03-09,34752,2025-04-23,2025-04-21,34752,paid
PAY-000604,DIST-054,INV-000604,2025-05-01,145855,2025-05-22,2025-06-12,145855,paid
PAY-000284,DIST-026,INV-000284,2025-02-13,91986,2025-02-28,2025-02-28,91986,paid
PAY-000773,DIST-068,INV-000773,2025-01-12,130853,2025-02-11,2025-03-17,130853,paid
PAY-000070,DIST-006,INV-000070,2025-07-17,83525,2025-08-16,2025-08-16,83525,paid
PAY-001162,DIST-104,INV-001162,2025-07-23,97017,2025-08-22,2025-09-28,97017,paid
PAY-000103,DIST-009,INV-000103,2025-01-24,119518,2025-02-23,2025-02-23,119518,paid
PAY-000519,DIST-046,INV-000519,2025-02-24,60769,2025-03-11,2025-03-11,60769,paid
PAY-000450,DIST-040,INV-000450,2026-02-17,12629,2026-03-10,2026-03-07,12629,paid
PAY-000166,DIST-015,INV-000166,2025-01-02,30196,2025-02-16,2025-02-14,30196,paid
PAY-001218,DIST-111,INV-001218,2024-10-29,150267,2024-12-13,,0,overdue
PAY-000289,DIST-026,INV-000289,2025-08-04,149320,2025-08-19,2025-08-18,149320,paid
PAY-000089,DIST-008,INV-000089,2024-10-09,188906,2024-10-24,2024-10-22,188906,paid
PAY-001147,DIST-103,INV-001147,2024-07-21,171329,2024-08-11,,0,overdue
PAY-000445,DIST-040,INV-000445,2025-08-30,34404,2025-09-20,2025-09-17,34404,paid
PAY-000454,DIST-041,INV-000454,2024-07-04,19092,2024-07-19,2024-07-18,19092,paid
PAY-000775,DIST-068,INV-000775,2025-04-05,302967,2025-05-05,2025-05-15,302967,paid
PAY-000569,DIST-050,INV-000569,2024-11-05,43010,2024-11-26,2024-11-24,43010,paid
PAY-000825,DIST-073,INV-000825,2026-01-10,283646,2026-02-24,2026-03-27,283646,paid
PAY-000217,DIST-019,INV-000217,2025-08-06,152247,2025-08-27,2025-08-24,152247,paid
PAY-000856,DIST-077,INV-000856,2024-06-20,23650,2024-08-04,2024-08-02,23650,paid
PAY-000665,DIST-059,INV-000665,2026-03-31,45540,2026-04-15,2026-04-15,45540,paid
PAY-000748,DIST-066,INV-000748,2025-02-24,75319,2025-03-26,2025-03-25,75319,paid
PAY-000182,DIST-016,INV-000182,2025-07-20,32942,2025-08-10,2025-08-08,32942,paid
PAY-000904,DIST-080,INV-000904,2026-03-17,267573,2026-04-07,2026-05-16,267573,paid
PAY-001233,DIST-113,INV-001233,2024-08-11,28702,2024-09-01,2024-12-14,0,written_off
PAY-000743,DIST-065,INV-000743,2026-05-24,21202,2026-06-23,2026-06-08,21202,paid
PAY-000788,DIST-070,INV-000788,2025-02-27,78068,2025-04-13,2025-05-10,78068,paid
PAY-000042,DIST-004,INV-000042,2025-06-05,76149,2025-07-05,2025-07-03,76149,paid
PAY-000300,DIST-027,INV-000300,2025-08-10,224628,2025-08-31,2025-08-31,224628,paid
PAY-000391,DIST-035,INV-000391,2025-05-24,174291,2025-07-08,2025-07-08,174291,paid
PAY-000712,DIST-063,INV-000712,2025-03-22,144242,2025-04-21,2025-06-03,144242,paid
PAY-000074,DIST-007,INV-000074,2024-07-14,122194,2024-07-29,2024-07-27,122194,paid
PAY-000577,DIST-051,INV-000577,2025-05-01,28661,2025-05-16,2025-06-19,28661,paid
PAY-000681,DIST-061,INV-000681,2025-01-23,57660,2025-02-22,2025-04-06,57660,paid
PAY-000640,DIST-057,INV-000640,2025-05-08,42880,2025-06-07,2025-07-17,42880,paid
PAY-001078,DIST-097,INV-001078,2025-06-13,51478,2025-07-13,2025-08-09,51478,paid
PAY-000884,DIST-079,INV-000884,2024-12-15,75371,2024-12-30,2024-12-27,75371,paid
PAY-000863,DIST-077,INV-000863,2025-01-20,30546,2025-03-06,2025-03-16,30546,paid
PAY-000514,DIST-046,INV-000514,2024-09-18,79560,2024-10-03,2024-09-30,79560,paid
PAY-001093,DIST-098,INV-001093,2025-07-16,186058,2025-08-06,2025-08-04,186058,paid
PAY-001005,DIST-090,INV-001005,2025-04-29,62855,2025-05-14,2025-05-30,62855,paid
PAY-000129,DIST-011,INV-000129,2025-08-09,41585,2025-08-30,2025-08-27,41585,paid
PAY-000994,DIST-089,INV-000994,2024-12-28,20736,2025-01-12,2025-01-10,20736,paid
PAY-000871,DIST-078,INV-000871,2025-09-06,27684,2025-10-21,2025-11-21,27684,paid
PAY-000339,DIST-031,INV-000339,2025-06-06,124169,2025-07-21,2025-07-18,124169,paid
PAY-000455,DIST-041,INV-000455,2024-08-03,15006,2024-08-18,2024-08-15,15006,paid
PAY-000456,DIST-041,INV-000456,2024-08-26,15821,2024-09-10,2024-09-07,15821,paid
PAY-000003,DIST-001,INV-000003,2025-01-27,83403,2025-02-17,2025-02-14,83403,paid
PAY-000886,DIST-079,INV-000886,2025-02-15,57996,2025-03-02,2025-04-06,57996,paid
PAY-000493,DIST-044,INV-000493,2025-08-24,31584,2025-09-08,2025-09-05,31584,paid
PAY-000028,DIST-003,INV-000028,2025-02-24,56203,2025-03-11,2025-03-09,56203,paid
PAY-000064,DIST-006,INV-000064,2024-12-20,67949,2025-01-19,2025-01-16,67949,paid
PAY-000646,DIST-058,INV-000646,2025-06-02,65549,2025-06-17,2025-06-17,65549,paid
PAY-000145,DIST-013,INV-000145,2024-12-30,183066,2025-01-29,2025-01-29,183066,paid
PAY-000556,DIST-049,INV-000556,2025-06-09,10847,2025-07-24,2025-07-24,10847,paid
PAY-001237,DIST-114,INV-001237,2024-12-20,154085,2025-02-03,2025-05-17,0,written_off
PAY-000501,DIST-045,INV-000501,2024-02-06,15043,2024-03-07,2024-03-05,15043,paid
PAY-001133,DIST-101,INV-001133,2025-08-02,95574,2025-09-01,2025-09-06,42353,partial
PAY-001106,DIST-099,INV-001106,2024-09-25,45750,2024-11-09,2024-11-09,45750,paid
PAY-001084,DIST-097,INV-001084,2026-01-23,21295,2026-02-22,,0,overdue
PAY-000783,DIST-069,INV-000783,2025-03-04,123520,2025-03-19,2025-04-02,123520,paid
PAY-000819,DIST-073,INV-000819,2025-06-16,273103,2025-07-31,2025-08-31,273103,paid
PAY-000595,DIST-053,INV-000595,2025-02-04,53475,2025-02-25,2025-03-17,53475,paid
PAY-000084,DIST-007,INV-000084,2025-06-08,126657,2025-06-23,2025-06-21,126657,paid
PAY-001018,DIST-091,INV-001018,2025-05-09,18580,2025-05-24,2025-06-27,18580,paid
PAY-000286,DIST-026,INV-000286,2025-04-20,63888,2025-05-05,2025-05-02,63888,paid
PAY-000919,DIST-082,INV-000919,2025-02-22,97650,2025-03-09,2025-03-25,47410,partial
PAY-000483,DIST-043,INV-000483,2026-01-28,34606,2026-03-14,2026-03-14,34606,paid
PAY-000268,DIST-024,INV-000268,2025-07-12,195911,2025-08-02,2025-07-31,195911,paid
PAY-000639,DIST-057,INV-000639,2025-04-18,30438,2025-05-18,2025-06-04,30438,paid
PAY-000484,DIST-043,INV-000484,2026-02-21,92770,2026-04-07,2026-04-05,92770,paid
PAY-000887,DIST-079,INV-000887,2025-03-26,150945,2025-04-10,2025-04-08,150945,paid
PAY-001205,DIST-109,INV-001205,2025-07-18,125434,2025-08-02,,0,overdue
PAY-000351,DIST-032,INV-000351,2024-12-08,212107,2025-01-07,2025-01-06,212107,paid
PAY-001110,DIST-099,INV-001110,2025-02-16,69711,2025-04-02,2025-04-02,69711,paid
PAY-001174,DIST-105,INV-001174,2025-03-13,100653,2025-03-28,2025-04-06,51444,partial
PAY-000816,DIST-072,INV-000816,2026-03-23,25083,2026-05-07,2026-05-05,25083,paid
PAY-001197,DIST-108,INV-001197,2025-03-31,40442,2025-05-15,,0,overdue
PAY-000854,DIST-076,INV-000854,2025-07-18,38375,2025-08-08,2025-09-18,38375,paid
PAY-000485,DIST-043,INV-000485,2026-04-07,85654,2026-05-22,2026-05-22,85654,paid
PAY-001100,DIST-098,INV-001100,2026-03-17,253615,2026-04-07,,0,overdue
PAY-000634,DIST-057,INV-000634,2024-11-08,74040,2024-12-08,2025-01-16,74040,paid
PAY-000063,DIST-006,INV-000063,2024-11-16,45157,2024-12-16,2024-12-16,45157,paid
PAY-000314,DIST-028,INV-000314,2026-02-07,33306,2026-02-28,2026-02-26,33306,paid
PAY-000533,DIST-047,INV-000533,2025-09-13,33579,2025-09-28,2025-09-27,33579,paid
PAY-000360,DIST-032,INV-000360,2025-09-22,134855,2025-10-22,2025-10-22,134855,paid
PAY-000969,DIST-087,INV-000969,2025-07-08,55580,2025-07-29,,0,overdue
PAY-001146,DIST-103,INV-001146,2024-06-25,145437,2024-07-16,2024-07-31,58205,partial
PAY-000739,DIST-065,INV-000739,2026-02-06,61484,2026-03-08,2026-04-15,61484,paid
PAY-000720,DIST-064,INV-000720,2025-05-19,173020,2025-06-09,2025-06-09,173020,paid
PAY-000159,DIST-014,INV-000159,2025-08-15,22580,2025-09-05,2025-09-03,22580,paid
PAY-000670,DIST-060,INV-000670,2025-06-24,141607,2025-08-08,2025-08-08,141607,paid
PAY-000627,DIST-056,INV-000627,2024-08-04,326801,2024-08-19,2024-09-28,326801,paid
PAY-000866,DIST-077,INV-000866,2025-05-02,15843,2025-06-16,2025-06-13,15843,paid
PAY-000201,DIST-018,INV-000201,2025-02-25,294276,2025-03-12,2025-03-09,294276,paid
PAY-000842,DIST-075,INV-000842,2025-02-22,28182,2025-03-24,2025-03-21,28182,paid
PAY-000179,DIST-016,INV-000179,2025-05-06,16565,2025-05-27,2025-05-24,16565,paid
PAY-000563,DIST-049,INV-000563,2026-02-23,26039,2026-04-09,2026-04-06,26039,paid
PAY-000559,DIST-049,INV-000559,2025-10-16,20559,2025-11-30,2025-11-30,20559,paid
PAY-000090,DIST-008,INV-000090,2024-11-04,278224,2024-11-19,2024-11-19,278224,paid
PAY-000270,DIST-024,INV-000270,2025-09-15,225966,2025-10-06,2025-10-03,225966,paid
PAY-000231,DIST-020,INV-000231,2025-06-12,81945,2025-06-27,2025-06-27,81945,paid
PAY-000832,DIST-074,INV-000832,2025-04-17,65532,2025-05-17,2025-05-17,65532,paid
PAY-TRAP-002,DIST-902,INV-TRAP-002,2025-07-04,50000,2025-08-03,2025-08-01,50000,paid
PAY-001046,DIST-094,INV-001046,2025-01-24,125486,2025-02-23,,0,overdue
PAY-000141,DIST-012,INV-000141,2025-11-07,30501,2025-11-28,2025-11-25,30501,paid
PAY-000056,DIST-005,INV-000056,2025-02-27,50284,2025-03-20,2025-03-19,50284,paid
PAY-001186,DIST-106,INV-001186,2025-04-10,211178,2025-05-10,2025-06-12,211178,paid
PAY-000585,DIST-052,INV-000585,2024-07-08,92864,2024-07-29,2024-08-11,92864,paid
PAY-000100,DIST-008,INV-000100,2025-09-27,311441,2025-10-12,2025-10-10,311441,paid
PAY-000046,DIST-004,INV-000046,2025-10-24,81667,2025-11-23,2025-11-22,81667,paid
PAY-000382,DIST-035,INV-000382,2024-09-11,73250,2024-10-26,2024-10-23,73250,paid
PAY-000993,DIST-089,INV-000993,2024-11-19,28922,2024-12-04,,0,overdue
PAY-000804,DIST-071,INV-000804,2025-01-14,22610,2025-02-04,2025-03-10,22610,paid
PAY-001156,DIST-103,INV-001156,2025-04-27,321798,2025-05-18,,0,overdue
PAY-000868,DIST-078,INV-000868,2025-05-31,40957,2025-07-15,2025-08-19,40957,paid
PAY-000380,DIST-034,INV-000380,2025-11-29,76241,2025-12-14,2025-12-12,76241,paid
PAY-000296,DIST-027,INV-000296,2025-03-21,243422,2025-04-11,2025-04-08,243422,paid
PAY-000659,DIST-059,INV-000659,2025-08-27,55788,2025-09-11,2025-09-10,55788,paid
PAY-001062,DIST-095,INV-001062,2025-12-29,179261,2026-01-28,2026-03-13,179261,paid
PAY-000554,DIST-049,INV-000554,2025-03-22,15259,2025-05-06,2025-05-05,15259,paid
PAY-000914,DIST-081,INV-000914,2025-12-15,163594,2026-01-14,2026-01-13,163594,paid
PAY-000073,DIST-007,INV-000073,2024-06-24,62887,2024-07-09,2024-07-07,62887,paid
PAY-000675,DIST-060,INV-000675,2025-12-19,221559,2026-02-02,2026-02-02,221559,paid
PAY-000983,DIST-088,INV-000983,2025-08-12,120886,2025-09-11,,0,overdue
PAY-000534,DIST-047,INV-000534,2025-10-10,12798,2025-10-25,2025-10-25,12798,paid
PAY-000476,DIST-043,INV-000476,2025-05-22,53434,2025-07-06,2025-07-03,53434,paid
PAY-000509,DIST-045,INV-000509,2024-02-13,30593,2024-03-14,2024-03-12,30593,paid
PAY-000758,DIST-067,INV-000758,2024-08-29,249466,2024-09-19,2024-09-16,249466,paid
PAY-000902,DIST-080,INV-000902,2026-01-18,199168,2026-02-08,2026-02-18,199168,paid
PAY-000451,DIST-040,INV-000451,2026-03-25,26463,2026-04-15,2026-04-15,26463,paid
PAY-001261,DIST-118,INV-001261,2024-09-19,226401,2024-10-19,2025-01-28,0,written_off
PAY-000139,DIST-012,INV-000139,2025-08-23,32339,2025-09-13,2025-09-10,32339,paid
PAY-000058,DIST-005,INV-000058,2025-05-19,62890,2025-06-09,2025-06-09,62890,paid
PAY-000248,DIST-022,INV-000248,2025-09-22,86816,2025-10-13,2025-10-12,86816,paid
PAY-000706,DIST-062,INV-000706,2025-10-23,18474,2025-11-22,2025-12-17,18474,paid
PAY-000750,DIST-066,INV-000750,2025-04-23,83660,2025-05-23,2025-05-21,83660,paid
PAY-001121,DIST-100,INV-001121,2025-05-11,29877,2025-06-25,,0,overdue
PAY-001230,DIST-112,INV-001230,2025-04-07,34122,2025-04-22,2025-04-30,18721,partial
PAY-000982,DIST-088,INV-000982,2025-07-09,112826,2025-08-08,2025-08-08,112826,paid
PAY-000475,DIST-043,INV-000475,2025-04-28,42310,2025-06-12,2025-06-09,42310,paid
PAY-000682,DIST-061,INV-000682,2025-02-25,59360,2025-03-27,2025-03-26,59360,paid
PAY-000518,DIST-046,INV-000518,2025-01-22,48028,2025-02-06,2025-02-04,48028,paid
PAY-000364,DIST-033,INV-000364,2025-03-26,46321,2025-05-10,2025-05-08,46321,paid
PAY-000580,DIST-051,INV-000580,2025-08-15,26929,2025-08-30,2025-08-27,26929,paid
PAY-000497,DIST-044,INV-000497,2026-01-07,12443,2026-01-22,2026-01-19,12443,paid
PAY-000763,DIST-067,INV-000763,2025-02-05,274607,2025-02-26,2025-03-16,274607,paid
PAY-000007,DIST-001,INV-000007,2025-05-28,87404,2025-06-18,2025-06-18,87404,paid
PAY-001070,DIST-096,INV-001070,2025-07-13,55770,2025-08-27,2025-08-25,55770,paid
PAY-000187,DIST-017,INV-000187,2025-06-16,92175,2025-07-31,2025-07-30,92175,paid
PAY-000666,DIST-059,INV-000666,2026-05-11,66216,2026-05-26,2026-05-25,66216,paid
PAY-000250,DIST-022,INV-000250,2025-12-07,48273,2025-12-28,2025-12-28,48273,paid
PAY-000340,DIST-031,INV-000340,2025-07-10,88010,2025-08-24,2025-08-23,88010,paid
PAY-000132,DIST-012,INV-000132,2025-01-30,13476,2025-02-20,2025-02-17,13476,paid
PAY-001068,DIST-096,INV-001068,2025-05-04,71450,2025-06-18,,0,overdue
PAY-001087,DIST-097,INV-001087,2026-04-28,23297,2026-05-28,2026-06-07,15284,partial
PAY-000470,DIST-042,INV-000470,2025-02-06,185903,2025-03-08,2025-03-08,185903,paid
PAY-001155,DIST-103,INV-001155,2025-04-05,262562,2025-04-26,2025-05-13,127083,partial
PAY-001056,DIST-095,INV-001056,2025-06-16,205073,2025-07-16,2025-08-01,205073,paid
PAY-000510,DIST-045,INV-000510,2024-03-16,26586,2024-04-15,2024-04-13,26586,paid
PAY-001166,DIST-104,INV-001166,2025-11-21,257338,2025-12-21,,0,overdue
PAY-000412,DIST-037,INV-000412,2025-01-26,228533,2025-03-12,2025-03-12,228533,paid
PAY-000156,DIST-014,INV-000156,2025-05-05,28375,2025-05-26,2025-05-24,28375,paid
PAY-000555,DIST-049,INV-000555,2025-04-25,25783,2025-06-09,2025-06-06,25783,paid
PAY-000696,DIST-062,INV-000696,2025-01-09,34798,2025-02-08,2025-03-08,34798,paid
PAY-000397,DIST-036,INV-000397,2025-08-30,17992,2025-10-14,2025-10-13,17992,paid
PAY-001201,DIST-108,INV-001201,2025-08-15,70770,2025-09-29,2025-10-10,70770,paid
PAY-000387,DIST-035,INV-000387,2025-02-02,82834,2025-03-19,2025-03-16,82834,paid
PAY-000877,DIST-078,INV-000877,2026-03-17,25215,2026-05-01,2026-06-08,25215,paid
PAY-001131,DIST-101,INV-001131,2025-06-03,215829,2025-07-03,2025-07-20,153699,partial
PAY-000948,DIST-085,INV-000948,2024-12-20,33775,2025-02-03,2025-02-20,18367,partial
PAY-001239,DIST-114,INV-001239,2025-02-20,164893,2025-04-06,,0,overdue
PAY-000428,DIST-038,INV-000428,2025-08-29,136389,2025-09-13,2025-09-11,136389,paid
PAY-000793,DIST-070,INV-000793,2025-07-17,164624,2025-08-31,2025-09-22,164624,paid
PAY-001210,DIST-110,INV-001210,2024-11-22,32905,2025-01-06,,0,overdue
PAY-000776,DIST-068,INV-000776,2025-04-28,215673,2025-05-28,2025-05-27,215673,paid
PAY-001052,DIST-095,INV-001052,2025-02-22,193562,2025-03-24,2025-05-01,193562,paid
PAY-001064,DIST-096,INV-001064,2024-12-16,75778,2025-01-30,2025-01-29,75778,paid
PAY-000890,DIST-079,INV-000890,2025-07-05,130787,2025-07-20,2025-08-28,130787,paid
PAY-000057,DIST-005,INV-000057,2025-04-07,25842,2025-04-28,2025-04-26,25842,paid
PAY-000242,DIST-021,INV-000242,2025-10-26,60222,2025-11-10,2025-11-07,60222,paid
PAY-000127,DIST-011,INV-000127,2025-06-20,55167,2025-07-11,2025-07-09,55167,paid
PAY-001009,DIST-090,INV-001009,2025-09-11,61617,2025-09-26,,0,overdue
PAY-000251,DIST-022,INV-000251,2025-12-31,37497,2026-01-21,2026-01-18,37497,paid
PAY-000001,DIST-001,INV-000001,2024-11-19,72411,2024-12-10,2024-12-09,72411,paid
PAY-001196,DIST-108,INV-001196,2025-03-05,85209,2025-04-19,2025-04-26,45617,partial
PAY-001189,DIST-107,INV-001189,2025-05-18,188966,2025-06-17,,0,overdue
PAY-000562,DIST-049,INV-000562,2026-01-14,27380,2026-02-28,2026-02-28,27380,paid
PAY-000980,DIST-088,INV-000980,2025-05-03,96831,2025-06-02,,0,overdue
PAY-001061,DIST-095,INV-001061,2025-11-27,227412,2025-12-27,2025-12-27,227412,paid
PAY-000437,DIST-039,INV-000437,2025-09-09,201286,2025-09-30,2025-09-30,201286,paid
PAY-000390,DIST-035,INV-000390,2025-04-19,64919,2025-06-03,2025-06-01,64919,paid
PAY-000348,DIST-031,INV-000348,2026-04-02,121815,2026-05-17,2026-05-14,121815,paid
PAY-001240,DIST-114,INV-001240,2025-03-28,88254,2025-05-12,2025-07-25,0,written_off
PAY-000040,DIST-004,INV-000040,2025-03-24,223161,2025-04-23,2025-04-21,223161,paid
PAY-000573,DIST-050,INV-000573,2025-03-15,101108,2025-04-05,2025-04-04,101108,paid
PAY-000136,DIST-012,INV-000136,2025-05-18,28033,2025-06-08,2025-06-05,28033,paid
PAY-000930,DIST-083,INV-000930,2025-09-09,52206,2025-09-30,,0,overdue
PAY-001136,DIST-101,INV-001136,2025-10-19,258082,2025-11-18,,0,overdue
PAY-000695,DIST-062,INV-000695,2024-12-04,28127,2025-01-03,2025-01-21,28127,paid
PAY-001229,DIST-112,INV-001229,2025-02-24,28327,2025-03-11,,0,overdue
PAY-000220,DIST-019,INV-000220,2025-10-19,129034,2025-11-09,2025-11-09,129034,paid
PAY-000486,DIST-044,INV-000486,2024-12-12,12433,2024-12-27,2024-12-25,12433,paid
PAY-000635,DIST-057,INV-000635,2024-12-22,80269,2025-01-21,2025-02-16,80269,paid
PAY-000954,DIST-085,INV-000954,2025-06-25,28166,2025-08-09,2025-08-07,28166,paid
PAY-000467,DIST-042,INV-000467,2024-10-06,119129,2024-11-05,2024-11-02,119129,paid
PAY-001123,DIST-100,INV-001123,2025-07-21,20345,2025-09-04,2025-09-17,14399,partial
PAY-000959,DIST-086,INV-000959,2024-11-05,26026,2024-11-20,2024-12-08,16534,partial
PAY-001245,DIST-115,INV-001245,2025-07-19,92044,2025-08-18,2025-10-27,0,written_off
PAY-001104,DIST-099,INV-001104,2024-07-09,53851,2024-08-23,,0,overdue
PAY-000323,DIST-029,INV-000323,2025-02-16,81017,2025-04-02,2025-03-31,81017,paid
PAY-000671,DIST-060,INV-000671,2025-08-07,239571,2025-09-21,2025-09-19,239571,paid
PAY-000728,DIST-064,INV-000728,2026-01-06,182448,2026-01-27,2026-01-24,182448,paid
PAY-000313,DIST-028,INV-000313,2025-12-26,27116,2026-01-16,2026-01-14,40613,paid
PAY-000489,DIST-044,INV-000489,2025-04-03,17802,2025-04-18,2025-04-18,17802,paid
PAY-000516,DIST-046,INV-000516,2024-11-23,84496,2024-12-08,2024-12-08,84496,paid
PAY-001193,DIST-107,INV-001193,2025-10-13,215708,2025-11-12,,0,overdue
PAY-000097,DIST-008,INV-000097,2025-06-16,315197,2025-07-01,2025-06-29,315197,paid
PAY-000004,DIST-001,INV-000004,2025-02-25,53213,2025-03-18,2025-03-15,53213,paid
PAY-000530,DIST-047,INV-000530,2025-06-10,10497,2025-06-25,2025-06-25,10497,paid
PAY-000295,DIST-026,INV-000295,2026-02-07,104281,2026-02-22,2026-02-21,104281,paid
PAY-000905,DIST-081,INV-000905,2025-03-01,142680,2025-03-31,2025-03-30,142680,paid
PAY-001013,DIST-091,INV-001013,2024-11-19,26648,2024-12-04,2024-12-04,26648,paid
PAY-000909,DIST-081,INV-000909,2025-07-07,137092,2025-08-06,2025-08-06,137092,paid
PAY-000929,DIST-083,INV-000929,2025-08-10,110266,2025-08-31,,0,overdue
PAY-001170,DIST-105,INV-001170,2024-11-16,83081,2024-12-01,2024-12-15,50681,partial
PAY-001103,DIST-099,INV-001103,2024-06-06,68108,2024-07-21,,0,overdue
PAY-001154,DIST-103,INV-001154,2025-03-09,190346,2025-03-30,2025-04-15,135435,partial
PAY-000786,DIST-070,INV-000786,2024-12-11,65214,2025-01-25,2025-01-22,65214,paid
PAY-000707,DIST-062,INV-000707,2025-12-07,28643,2026-01-06,2026-01-05,28643,paid
PAY-000402,DIST-036,INV-000402,2026-02-09,12362,2026-03-26,2026-03-25,12362,paid
PAY-000415,DIST-037,INV-000415,2025-04-20,208105,2025-06-04,2025-06-04,208105,paid
PAY-001130,DIST-101,INV-001130,2025-05-04,167918,2025-06-03,2025-06-21,167918,paid
PAY-001175,DIST-105,INV-001175,2025-04-10,95503,2025-04-25,,0,overdue
PAY-000936,DIST-084,INV-000936,2024-11-16,26713,2024-12-31,2025-01-30,26713,paid
PAY-000545,DIST-048,INV-000545,2025-08-01,66848,2025-08-31,2025-08-29,66848,paid
PAY-000778,DIST-069,INV-000778,2024-10-23,54599,2024-11-07,2024-11-04,54599,paid
PAY-000245,DIST-022,INV-000245,2025-06-16,92732,2025-07-07,2025-07-06,92732,paid
PAY-000273,DIST-025,INV-000273,2024-07-07,323769,2024-07-28,2024-07-25,323769,paid
PAY-000037,DIST-004,INV-000037,2024-12-29,83529,2025-01-28,2025-01-26,83529,paid
PAY-000574,DIST-051,INV-000574,2025-01-09,29333,2025-01-24,2025-01-21,29333,paid
PAY-001015,DIST-091,INV-001015,2025-01-21,29888,2025-02-05,,0,overdue
PAY-001255,DIST-117,INV-001255,2024-10-21,56687,2024-11-11,2025-01-18,0,written_off
PAY-000680,DIST-061,INV-000680,2024-12-30,38032,2025-01-29,2025-01-28,38032,paid
PAY-001134,DIST-101,INV-001134,2025-08-26,104164,2025-09-25,2025-10-07,62498,partial
PAY-000052,DIST-005,INV-000052,2024-10-30,65809,2024-11-20,2024-11-18,65809,paid
PAY-000112,DIST-010,INV-000112,2025-06-23,248040,2025-07-23,2025-07-20,248040,paid
PAY-000837,DIST-075,INV-000837,2024-10-07,24988,2024-11-06,2024-12-01,24988,paid
PAY-001167,DIST-104,INV-001167,2025-12-17,213884,2026-01-16,,0,overdue
PAY-000852,DIST-076,INV-000852,2025-05-13,45613,2025-06-03,2025-07-04,45613,paid
PAY-000543,DIST-048,INV-000543,2025-05-07,47287,2025-06-06,2025-06-03,47287,paid
PAY-000283,DIST-026,INV-000283,2025-01-18,94823,2025-02-02,2025-01-31,94823,paid
PAY-000181,DIST-016,INV-000181,2025-06-27,26962,2025-07-18,2025-07-18,26962,paid
PAY-000730,DIST-065,INV-000730,2025-05-10,64502,2025-06-09,2025-07-06,64502,paid
PAY-000194,DIST-017,INV-000194,2026-01-27,129760,2026-03-13,2026-03-13,129760,paid
PAY-001109,DIST-099,INV-001109,2025-01-20,46716,2025-03-06,2025-04-07,46716,paid
PAY-000979,DIST-088,INV-000979,2025-04-08,103868,2025-05-08,,0,overdue
PAY-000433,DIST-039,INV-000433,2025-04-18,244061,2025-05-09,2025-05-09,244061,paid
PAY-000995,DIST-089,INV-000995,2025-02-07,32253,2025-02-22,2025-02-20,32253,paid
PAY-000755,DIST-067,INV-000755,2024-06-01,303160,2024-06-22,2024-07-20,303160,paid
PAY-000101,DIST-008,INV-000101,2025-11-10,187153,2025-11-25,2025-11-24,187153,paid
PAY-000379,DIST-034,INV-000379,2025-11-07,249966,2025-11-22,2025-11-19,249966,paid
PAY-000280,DIST-025,INV-000280,2025-01-10,322622,2025-01-31,2025-01-30,322622,paid
PAY-000452,DIST-040,INV-000452,2026-04-17,13584,2026-05-08,2026-05-05,13584,paid
PAY-000055,DIST-005,INV-000055,2025-01-20,46713,2025-02-10,2025-02-09,46713,paid
PAY-000342,DIST-031,INV-000342,2025-09-20,110530,2025-11-04,2025-11-02,110530,paid
PAY-000521,DIST-046,INV-000521,2025-05-03,91778,2025-05-18,2025-05-17,91778,paid
PAY-001092,DIST-098,INV-001092,2025-06-11,139719,2025-07-02,2025-07-19,97316,partial
PAY-000515,DIST-046,INV-000515,2024-10-16,100287,2024-10-31,2024-10-28,100287,paid
PAY-001148,DIST-103,INV-001148,2024-08-18,327120,2024-09-08,,0,overdue
PAY-000155,DIST-014,INV-000155,2025-04-06,68029,2025-04-27,2025-04-25,68029,paid
PAY-000636,DIST-057,INV-000636,2025-01-21,102503,2025-02-20,2025-02-19,102503,paid
PAY-000442,DIST-040,INV-000442,2025-05-27,17206,2025-06-17,2025-06-17,17206,paid
PAY-001095,DIST-098,INV-001095,2025-08-29,146025,2025-09-19,,0,overdue
PAY-000087,DIST-007,INV-000087,2025-08-27,97949,2025-09-11,2025-09-11,97949,paid
PAY-000564,DIST-050,INV-000564,2024-06-02,60049,2024-06-23,2024-06-21,60049,paid
PAY-000122,DIST-011,INV-000122,2025-02-10,48513,2025-03-03,2025-03-01,48513,paid
PAY-000272,DIST-024,INV-000272,2025-11-12,107978,2025-12-03,2025-12-03,107978,paid
PAY-000808,DIST-072,INV-000808,2025-07-09,13149,2025-08-23,2025-10-04,13149,paid
PAY-000613,DIST-055,INV-000613,2025-04-05,195347,2025-05-05,2025-06-09,195347,paid
PAY-000809,DIST-072,INV-000809,2025-08-06,18884,2025-09-20,2025-10-30,18884,paid
PAY-000488,DIST-044,INV-000488,2025-02-22,16105,2025-03-09,2025-03-08,16105,paid
PAY-000698,DIST-062,INV-000698,2025-03-05,23033,2025-04-04,2025-04-24,23033,paid
PAY-000274,DIST-025,INV-000274,2024-08-14,244940,2024-09-04,2024-09-01,244940,paid
PAY-000985,DIST-088,INV-000985,2025-10-22,144895,2025-11-21,2025-12-17,144895,paid
PAY-000942,DIST-084,INV-000942,2025-06-22,54367,2025-08-06,2025-08-30,54367,paid
PAY-000723,DIST-064,INV-000723,2025-09-01,101788,2025-09-22,2025-09-19,101788,paid
PAY-001194,DIST-107,INV-001194,2025-11-02,188117,2025-12-02,2025-12-07,103680,partial
PAY-000113,DIST-010,INV-000113,2025-07-23,238771,2025-08-22,2025-08-19,238771,paid
PAY-001065,DIST-096,INV-001065,2025-01-07,120312,2025-02-21,,0,overdue
PAY-000733,DIST-065,INV-000733,2025-09-06,52257,2025-10-06,2025-11-20,52257,paid
PAY-000151,DIST-013,INV-000151,2025-06-18,193816,2025-07-18,2025-07-16,193816,paid
PAY-000105,DIST-009,INV-000105,2025-04-11,123816,2025-05-11,2025-05-10,123816,paid
PAY-000655,DIST-059,INV-000655,2025-04-20,96965,2025-05-05,2025-06-10,96965,paid
PAY-001047,DIST-094,INV-001047,2025-03-10,347121,2025-04-09,2025-04-28,347121,paid
PAY-000169,DIST-015,INV-000169,2025-04-12,34601,2025-05-27,2025-05-26,34601,paid
PAY-000835,DIST-074,INV-000835,2025-07-31,32007,2025-08-30,2025-10-02,32007,paid
PAY-000769,DIST-068,INV-000769,2024-07-29,323817,2024-08-28,2024-08-25,323817,paid
PAY-000071,DIST-006,INV-000071,2025-08-06,53323,2025-09-05,2025-09-05,53323,paid
PAY-000631,DIST-056,INV-000631,2024-12-25,119133,2025-01-09,2025-01-21,119133,paid
PAY-000714,DIST-063,INV-000714,2025-06-06,149021,2025-07-06,2025-07-04,149021,paid
PAY-000208,DIST-019,INV-000208,2024-10-24,139425,2024-11-14,2024-11-14,139425,paid
PAY-000526,DIST-046,INV-000526,2025-10-03,78519,2025-10-18,2025-10-18,78519,paid
PAY-000747,DIST-066,INV-000747,2025-02-03,96939,2025-03-05,2025-03-05,96939,paid
PAY-000632,DIST-056,INV-000632,2025-01-30,126908,2025-02-14,2025-03-23,126908,paid
PAY-000373,DIST-034,INV-000373,2025-04-20,211472,2025-05-05,2025-05-02,211472,paid
PAY-000225,DIST-020,INV-000225,2024-12-13,204157,2024-12-28,2024-12-25,204157,paid
PAY-000991,DIST-088,INV-000991,2026-04-21,57632,2026-05-21,,0,overdue
PAY-000109,DIST-009,INV-000109,2025-09-03,172525,2025-10-03,2025-10-01,172525,paid
PAY-001180,DIST-106,INV-001180,2024-09-26,122997,2024-10-26,,0,overdue
PAY-000158,DIST-014,INV-000158,2025-07-08,51465,2025-07-29,2025-07-28,51465,paid
PAY-000990,DIST-088,INV-000990,2026-04-01,110649,2026-05-01,2026-05-01,110649,paid
PAY-001083,DIST-097,INV-001083,2025-12-22,69622,2026-01-21,2026-01-18,69622,paid
PAY-000711,DIST-063,INV-000711,2025-02-28,164297,2025-03-30,2025-05-07,164297,paid
PAY-000527,DIST-046,INV-000527,2025-10-29,41951,2025-11-13,2025-11-12,41951,paid
PAY-000703,DIST-062,INV-000703,2025-07-24,25674,2025-08-23,2025-09-24,25674,paid
PAY-000605,DIST-054,INV-000605,2025-06-03,165051,2025-06-24,2025-07-19,165051,paid
PAY-000214,DIST-019,INV-000214,2025-04-14,50462,2025-05-05,2025-05-02,50462,paid
PAY-000349,DIST-031,INV-000349,2026-04-30,96209,2026-06-14,2026-06-13,96209,paid
PAY-000693,DIST-061,INV-000693,2026-04-09,57134,2026-05-09,2026-05-07,57134,paid
PAY-001252,DIST-116,INV-001252,2024-07-23,120062,2024-08-13,2024-10-17,0,written_off
PAY-000193,DIST-017,INV-000193,2025-12-19,61492,2026-02-02,2026-02-01,61492,paid
PAY-000777,DIST-069,INV-000777,2024-09-22,79282,2024-10-07,2024-10-04,79282,paid
PAY-000480,DIST-043,INV-000480,2025-10-16,34180,2025-11-30,2025-11-28,34180,paid
PAY-000885,DIST-079,INV-000885,2025-01-12,75212,2025-01-27,2025-01-26,75212,paid
PAY-000014,DIST-002,INV-000014,2025-04-10,109657,2025-04-25,2025-04-25,109657,paid
PAY-001122,DIST-100,INV-001122,2025-06-16,45715,2025-07-31,2025-08-08,21096,partial
PAY-000062,DIST-006,INV-000062,2024-10-03,58066,2024-11-02,2024-11-02,58066,paid
PAY-000999,DIST-089,INV-000999,2025-06-06,21422,2025-06-21,2025-06-30,14552,partial
PAY-000677,DIST-060,INV-000677,2026-02-19,193111,2026-04-05,2026-04-28,193111,paid
PAY-001265,DIST-118,INV-001265,2025-01-21,197136,2025-02-20,,0,overdue
PAY-000840,DIST-075,INV-000840,2025-01-03,16179,2025-02-02,2025-03-01,16179,paid
PAY-000249,DIST-022,INV-000249,2025-11-03,57744,2025-11-24,2025-11-23,57744,paid
PAY-000572,DIST-050,INV-000572,2025-02-23,100856,2025-03-16,2025-03-15,100856,paid
PAY-001211,DIST-110,INV-001211,2025-01-02,19227,2025-02-16,,0,overdue
PAY-000965,DIST-086,INV-000965,2025-05-16,11442,2025-05-31,,0,overdue
PAY-000304,DIST-027,INV-000304,2025-12-12,196432,2026-01-02,2026-01-02,196432,paid
PAY-000913,DIST-081,INV-000913,2025-11-14,75217,2025-12-14,2025-12-13,75217,paid
PAY-000869,DIST-078,INV-000869,2025-07-14,58932,2025-08-28,2025-08-26,58932,paid
PAY-000690,DIST-061,INV-000690,2025-12-20,57959,2026-01-19,2026-01-18,57959,paid
PAY-001053,DIST-095,INV-001053,2025-03-25,77175,2025-04-24,2025-05-02,34470,partial
PAY-001022,DIST-091,INV-001022,2025-09-30,12784,2025-10-15,2025-10-26,6853,partial
PAY-001051,DIST-095,INV-001051,2025-01-25,161938,2025-02-24,2025-03-30,161938,paid
PAY-001238,DIST-114,INV-001238,2025-01-23,119269,2025-03-09,,0,overdue
PAY-000490,DIST-044,INV-000490,2025-05-15,11637,2025-05-30,2025-05-05,11637,paid
PAY-000592,DIST-052,INV-000592,2025-01-27,167407,2025-02-17,2025-03-20,167407,paid
PAY-000247,DIST-022,INV-000247,2025-08-29,34741,2025-09-19,2025-09-17,34741,paid
PAY-001151,DIST-103,INV-001151,2024-11-13,127882,2024-12-04,2024-12-14,127882,paid
PAY-000898,DIST-080,INV-000898,2025-10-06,212733,2025-10-27,2025-11-22,212733,paid
PAY-000791,DIST-070,INV-000791,2025-05-13,160012,2025-06-27,2025-06-27,160012,paid
PAY-000458,DIST-041,INV-000458,2024-11-21,29737,2024-12-06,2024-12-03,29737,paid
PAY-000653,DIST-058,INV-000653,2026-01-26,93572,2026-02-10,2026-02-07,93572,paid
PAY-001102,DIST-098,INV-001102,2026-05-21,194181,2026-06-11,2026-06-08,194181,paid
PAY-000599,DIST-053,INV-000599,2025-06-06,43735,2025-06-27,2025-08-06,43735,paid
PAY-000152,DIST-013,INV-000152,2025-07-27,84895,2025-08-26,2025-08-24,84895,paid
PAY-001187,DIST-106,INV-001187,2025-05-04,244156,2025-06-03,2025-06-13,106812,partial
PAY-000874,DIST-078,INV-000874,2025-12-07,46724,2026-01-21,2026-02-12,46724,paid
PAY-000749,DIST-066,INV-000749,2025-03-31,113577,2025-04-30,2025-04-27,113577,paid
PAY-000472,DIST-043,INV-000472,2025-01-17,53591,2025-03-03,2025-02-28,53591,paid
PAY-001244,DIST-115,INV-001244,2025-06-17,78952,2025-07-17,,0,overdue
PAY-001036,DIST-093,INV-001036,2025-05-17,205609,2025-07-01,2025-08-10,205609,paid
PAY-000689,DIST-061,INV-000689,2025-11-18,28216,2025-12-18,2025-12-31,28216,paid
PAY-000277,DIST-025,INV-000277,2024-11-02,124516,2024-11-23,2024-11-20,124516,paid
PAY-000389,DIST-035,INV-000389,2025-03-30,72421,2025-05-14,2025-05-13,72421,paid
PAY-000875,DIST-078,INV-000875,2026-01-11,25431,2026-02-25,2026-04-04,25431,paid
PAY-000338,DIST-031,INV-000338,2025-05-02,130756,2025-06-16,2025-06-14,130756,paid
PAY-000271,DIST-024,INV-000271,2025-10-06,94578,2025-10-27,2025-10-27,94578,paid
PAY-001220,DIST-111,INV-001220,2025-01-10,118667,2025-02-24,,0,overdue
PAY-000312,DIST-028,INV-000312,2025-11-11,16744,2025-12-02,2025-12-01,16744,paid
PAY-000050,DIST-004,INV-000050,2026-03-26,131126,2026-04-25,2026-04-23,131126,paid
PAY-000956,DIST-085,INV-000956,2025-08-25,19378,2025-10-09,2025-11-18,19378,paid
PAY-000045,DIST-004,INV-000045,2025-09-09,164832,2025-10-09,2025-10-06,164832,paid
PAY-000266,DIST-024,INV-000266,2025-05-17,102978,2025-06-07,2025-06-04,102978,paid
PAY-001048,DIST-094,INV-001048,2025-04-11,337599,2025-05-11,2025-05-08,337599,paid
PAY-000900,DIST-080,INV-000900,2025-11-21,118298,2025-12-12,2026-01-20,118298,paid
PAY-000551,DIST-049,INV-000551,2024-12-21,27131,2025-02-04,2025-02-03,27131,paid
PAY-000378,DIST-034,INV-000378,2025-10-16,131855,2025-10-31,2025-10-29,131855,paid
PAY-000196,DIST-017,INV-000196,2026-03-22,132049,2026-05-06,2026-05-05,132049,paid
PAY-000091,DIST-008,INV-000091,2024-12-18,291107,2025-01-02,2025-01-01,291107,paid
PAY-000175,DIST-015,INV-000175,2025-11-18,26056,2026-01-02,2026-01-02,26056,paid
PAY-000232,DIST-020,INV-000232,2025-07-12,222708,2025-07-27,2025-07-27,222708,paid
PAY-001020,DIST-091,INV-001020,2025-07-25,34156,2025-08-09,2025-08-06,34156,paid
PAY-001024,DIST-092,INV-001024,2025-01-29,191255,2025-02-28,2025-02-27,191255,paid
PAY-000108,DIST-009,INV-000108,2025-07-20,151739,2025-08-19,2025-08-16,151739,paid
PAY-000143,DIST-013,INV-000143,2024-10-12,168404,2024-11-11,2024-11-10,168404,paid
PAY-000915,DIST-081,INV-000915,2026-01-06,52004,2026-02-05,2026-02-05,52004,paid
PAY-000708,DIST-063,INV-000708,2024-12-02,160183,2025-01-01,2024-12-31,160183,paid
PAY-000230,DIST-020,INV-000230,2025-05-23,175113,2025-06-07,2025-06-04,175113,paid
PAY-001199,DIST-108,INV-001199,2025-06-12,54881,2025-07-27,,0,overdue
PAY-000771,DIST-068,INV-000771,2024-10-26,319180,2024-11-25,2024-11-25,319180,paid
PAY-001002,DIST-090,INV-001002,2025-01-13,42215,2025-01-28,2025-02-14,27131,partial
PAY-001253,DIST-116,INV-001253,2024-08-30,180899,2024-09-20,2024-12-25,0,written_off
PAY-001152,DIST-103,INV-001152,2024-12-24,237942,2025-01-14,2025-02-01,237942,paid
PAY-000657,DIST-059,INV-000657,2025-06-28,82313,2025-07-13,2025-07-24,82313,paid
PAY-000710,DIST-063,INV-000710,2025-02-04,92296,2025-03-06,2025-04-12,92296,paid
PAY-000466,DIST-042,INV-000466,2024-08-23,175688,2024-09-22,2024-09-22,175688,paid
PAY-000916,DIST-082,INV-000916,2024-11-15,135502,2024-11-30,,0,overdue
PAY-000849,DIST-076,INV-000849,2025-01-19,47527,2025-02-09,2025-02-27,47527,paid
PAY-000049,DIST-004,INV-000049,2026-02-18,227656,2026-03-20,2026-03-20,227656,paid
PAY-000628,DIST-056,INV-000628,2024-09-02,137151,2024-09-17,2024-10-05,137151,paid
PAY-000754,DIST-066,INV-000754,2025-08-17,145372,2025-09-16,2025-10-04,145372,paid
PAY-000321,DIST-029,INV-000321,2024-12-12,85876,2025-01-26,2025-01-25,85876,paid
PAY-000570,DIST-050,INV-000570,2024-12-20,51134,2025-01-10,2025-01-10,51134,paid
PAY-001256,DIST-117,INV-001256,2024-12-02,80601,2024-12-23,,0,overdue
PAY-000857,DIST-077,INV-000857,2024-07-16,26877,2024-08-30,2024-09-25,26877,paid
PAY-000355,DIST-032,INV-000355,2025-04-10,342537,2025-05-10,2025-05-08,342537,paid
PAY-001030,DIST-092,INV-001030,2025-08-04,286764,2025-09-03,2025-09-03,286764,paid
PAY-000751,DIST-066,INV-000751,2025-05-27,119140,2025-06-26,2025-06-26,119140,paid
PAY-001142,DIST-102,INV-001142,2025-10-13,39034,2025-11-12,,0,overdue
PAY-000426,DIST-038,INV-000426,2025-07-13,151350,2025-07-28,2025-07-27,151350,paid
PAY-000098,DIST-008,INV-000098,2025-07-20,221876,2025-08-04,2025-08-04,221876,paid
PAY-000482,DIST-043,INV-000482,2025-12-29,80736,2026-02-12,2026-02-10,80736,paid
PAY-000072,DIST-006,INV-000072,2025-09-16,93609,2025-10-16,2025-10-16,93609,paid
PAY-001236,DIST-113,INV-001236,2024-12-01,27381,2024-12-22,2025-03-10,0,written_off
PAY-000810,DIST-072,INV-000810,2025-09-18,25521,2025-11-02,2025-11-01,25521,paid
PAY-000346,DIST-031,INV-000346,2026-02-06,171650,2026-03-23,2026-03-22,171650,paid
PAY-000041,DIST-004,INV-000041,2025-04-22,170004,2025-05-22,2025-05-20,170004,paid
PAY-000541,DIST-048,INV-000541,2025-03-03,40418,2025-04-02,2025-04-02,40418,paid
PAY-000547,DIST-048,INV-000547,2025-09-25,52269,2025-10-25,2025-10-25,52269,paid
PAY-000038,DIST-004,INV-000038,2025-02-04,226133,2025-03-06,2025-03-05,226133,paid
PAY-000413,DIST-037,INV-000413,2025-03-02,140289,2025-04-16,2025-04-14,140289,paid
PAY-000135,DIST-012,INV-000135,2025-04-24,10290,2025-05-15,2025-05-15,10290,paid
PAY-000738,DIST-065,INV-000738,2026-01-10,33748,2026-02-09,2026-03-04,33748,paid
PAY-000473,DIST-043,INV-000473,2025-02-20,64474,2025-04-06,2025-04-06,64474,paid
PAY-000005,DIST-001,INV-000005,2025-03-26,76983,2025-04-16,2025-04-16,76983,paid
PAY-000590,DIST-052,INV-000590,2024-11-14,256510,2024-12-05,2024-12-05,256510,paid
PAY-000660,DIST-059,INV-000660,2025-10-02,46477,2025-10-17,2025-11-17,46477,paid
PAY-000019,DIST-002,INV-000019,2025-08-27,201016,2025-09-11,2025-09-10,201016,paid
PAY-000292,DIST-026,INV-000292,2025-10-29,123947,2025-11-13,2025-11-10,123947,paid
PAY-000022,DIST-002,INV-000022,2025-11-20,144106,2025-12-05,2025-12-02,144106,paid
PAY-000591,DIST-052,INV-000591,2024-12-22,108632,2025-01-12,2025-02-01,108632,paid
PAY-001025,DIST-092,INV-001025,2025-03-06,265935,2025-04-05,2025-04-29,265935,paid
PAY-000973,DIST-087,INV-000973,2025-11-03,63800,2025-11-24,2025-11-23,63800,paid
PAY-000606,DIST-054,INV-000606,2025-07-17,112263,2025-08-07,2025-08-23,112263,paid
PAY-000335,DIST-030,INV-000335,2025-06-12,130585,2025-07-03,2025-07-01,130585,paid
PAY-000616,DIST-055,INV-000616,2025-06-19,197125,2025-07-19,2025-08-23,197125,paid
PAY-001217,DIST-111,INV-001217,2024-10-05,110161,2024-11-19,2024-12-04,86932,partial
PAY-000464,DIST-042,INV-000464,2024-07-05,224533,2024-08-04,2024-08-04,224533,paid
PAY-001190,DIST-107,INV-001190,2025-06-09,101910,2025-07-09,2025-07-28,58145,partial
PAY-000123,DIST-011,INV-000123,2025-03-15,55889,2025-04-05,2025-04-03,55889,paid
PAY-000762,DIST-067,INV-000762,2025-01-04,117483,2025-01-25,2025-02-09,117483,paid
PAY-000966,DIST-086,INV-000966,2025-06-17,33162,2025-07-02,2025-07-27,33162,paid
PAY-000048,DIST-004,INV-000048,2026-01-04,242986,2026-02-03,2026-01-31,242986,paid
PAY-000511,DIST-045,INV-000511,2024-02-11,20357,2024-03-12,2024-03-10,20357,paid
PAY-000506,DIST-045,INV-000506,2024-01-25,18420,2024-02-24,2024-02-22,18420,paid
PAY-000051,DIST-005,INV-000051,2024-09-15,48869,2024-10-06,2024-10-04,48869,paid
PAY-000202,DIST-018,INV-000202,2025-03-29,183163,2025-04-13,2025-04-13,183163,paid
PAY-000853,DIST-076,INV-000853,2025-06-15,42557,2025-07-06,2025-08-12,42557,paid
PAY-000328,DIST-029,INV-000328,2025-07-16,96892,2025-08-30,2025-08-27,96892,paid
PAY-000326,DIST-029,INV-000326,2025-05-17,83236,2025-07-01,2025-06-29,83236,paid
PAY-000446,DIST-040,INV-000446,2025-09-26,23847,2025-10-17,2025-10-15,23847,paid
PAY-000699,DIST-062,INV-000699,2025-03-25,10697,2025-04-24,2025-04-22,10697,paid
PAY-000432,DIST-039,INV-000432,2025-03-24,110915,2025-04-14,2025-04-12,110915,paid
PAY-000662,DIST-059,INV-000662,2025-12-04,96238,2025-12-19,2026-01-22,96238,paid
PAY-001254,DIST-117,INV-001254,2024-09-08,53585,2024-09-29,2024-12-23,0,written_off
PAY-000077,DIST-007,INV-000077,2024-10-25,89893,2024-11-09,2024-11-06,89893,paid
PAY-001101,DIST-098,INV-001101,2026-04-22,251564,2026-05-13,2026-05-12,251564,paid
PAY-000623,DIST-055,INV-000623,2026-02-19,219109,2026-03-21,2026-04-27,219109,paid
PAY-000734,DIST-065,INV-000734,2025-09-28,29621,2025-10-28,2025-12-11,29621,paid
PAY-000285,DIST-026,INV-000285,2025-03-27,121083,2025-04-11,2025-04-09,121083,paid
PAY-000575,DIST-051,INV-000575,2025-02-19,22353,2025-03-06,2025-03-30,22353,paid
PAY-001107,DIST-099,INV-001107,2024-10-27,20695,2024-12-11,2024-12-10,20695,paid
PAY-000882,DIST-079,INV-000882,2024-10-13,104025,2024-10-28,2024-12-07,104025,paid
PAY-000540,DIST-048,INV-000540,2025-01-28,30705,2025-02-27,2025-02-25,30705,paid
PAY-000218,DIST-019,INV-000218,2025-08-29,120905,2025-09-19,2025-09-17,120905,paid
PAY-000617,DIST-055,INV-000617,2025-07-18,261792,2025-08-17,2025-09-05,261792,paid
PAY-001177,DIST-106,INV-001177,2024-06-30,192366,2024-07-30,,0,overdue
PAY-001039,DIST-093,INV-001039,2025-08-17,274094,2025-10-01,,0,overdue
PAY-000068,DIST-006,INV-000068,2025-05-20,80753,2025-06-19,2025-06-18,80753,paid
PAY-000576,DIST-051,INV-000576,2025-04-02,15078,2025-04-17,2025-04-15,15078,paid
PAY-000239,DIST-021,INV-000239,2025-08-08,61036,2025-08-23,2025-08-23,61036,paid
PAY-001153,DIST-103,INV-001153,2025-01-23,190142,2025-02-13,,0,overdue
PAY-000582,DIST-051,INV-000582,2025-09-29,17254,2025-10-14,2025-11-09,17254,paid
PAY-000477,DIST-043,INV-000477,2025-06-26,87300,2025-08-10,2025-08-07,87300,paid
PAY-000219,DIST-019,INV-000219,2025-09-28,135229,2025-10-19,2025-10-16,135229,paid
PAY-001160,DIST-104,INV-001160,2025-05-11,235019,2025-06-10,2025-06-26,179255,partial
PAY-000851,DIST-076,INV-000851,2025-04-09,37578,2025-04-30,2025-05-12,37578,paid
PAY-001008,DIST-090,INV-001008,2025-08-13,44896,2025-08-28,2025-09-12,44896,paid
PAY-000705,DIST-062,INV-000705,2025-09-19,17449,2025-10-19,2025-10-29,17449,paid
PAY-000831,DIST-074,INV-000831,2025-03-20,29799,2025-04-19,2025-05-10,29799,paid
PAY-000010,DIST-001,INV-000010,2025-09-03,46265,2025-09-24,2025-09-21,46265,paid
PAY-000952,DIST-085,INV-000952,2025-04-10,28971,2025-05-25,2025-06-23,28971,paid
PAY-001242,DIST-115,INV-001242,2025-04-06,93128,2025-05-06,2025-08-26,0,written_off
PAY-000149,DIST-013,INV-000149,2025-04-11,171928,2025-05-11,2025-05-11,171928,paid
PAY-000795,DIST-070,INV-000795,2025-09-20,128161,2025-11-04,2025-11-15,128161,paid
PAY-000381,DIST-034,INV-000381,2026-01-01,107792,2026-01-16,2026-01-13,107792,paid
PAY-000673,DIST-060,INV-000673,2025-10-12,84454,2025-11-26,2025-11-23,84454,paid
PAY-000221,DIST-020,INV-000221,2024-07-12,232721,2024-07-27,2024-07-25,232721,paid
PAY-001128,DIST-101,INV-001128,2025-03-05,259299,2025-04-04,,0,overdue
PAY-001204,DIST-109,INV-001204,2025-06-21,142389,2025-07-06,2025-07-23,142389,paid
PAY-000986,DIST-088,INV-000986,2025-11-24,105091,2025-12-24,2026-01-09,105091,paid
PAY-000191,DIST-017,INV-000191,2025-10-13,77427,2025-11-27,2025-11-25,77427,paid
PAY-001032,DIST-093,INV-001032,2024-12-31,333608,2025-02-14,2025-02-20,163477,partial
PAY-001014,DIST-091,INV-001014,2024-12-30,13393,2025-01-14,2025-01-11,13393,paid
PAY-001225,DIST-112,INV-001225,2024-10-29,21509,2024-11-13,,0,overdue
PAY-000883,DIST-079,INV-000883,2024-11-07,125463,2024-11-22,2024-11-20,125463,paid
PAY-001042,DIST-094,INV-001042,2024-09-08,324304,2024-10-08,,0,overdue
PAY-000408,DIST-037,INV-000408,2024-10-13,247670,2024-11-27,2024-11-26,247670,paid
PAY-001099,DIST-098,INV-001099,2026-02-17,162874,2026-03-10,2026-04-07,162874,paid
PAY-000544,DIST-048,INV-000544,2025-06-17,32317,2025-07-17,2025-07-15,32317,paid
PAY-000661,DIST-059,INV-000661,2025-11-10,94009,2025-11-25,2026-01-03,94009,paid
PAY-001113,DIST-099,INV-001113,2025-06-01,23756,2025-07-16,,0,overdue
PAY-000301,DIST-027,INV-000301,2025-09-13,167865,2025-10-04,2025-10-04,167865,paid
PAY-000420,DIST-038,INV-000420,2024-12-19,104701,2025-01-03,2024-12-31,104701,paid
PAY-000601,DIST-053,INV-000601,2025-08-06,38701,2025-08-27,2025-08-24,38701,paid
PAY-000260,DIST-023,INV-000260,2025-03-02,112485,2025-03-17,2025-03-17,112485,paid
PAY-000524,DIST-046,INV-000524,2025-07-28,32077,2025-08-12,2025-08-10,32077,paid
PAY-000035,DIST-003,INV-000035,2025-09-30,25910,2025-10-15,2025-10-12,25910,paid
PAY-001178,DIST-106,INV-001178,2024-07-20,229487,2024-08-19,2024-09-12,229487,paid
PAY-000461,DIST-041,INV-000461,2025-03-11,21365,2025-03-26,2025-03-26,21365,paid
PAY-000066,DIST-006,INV-000066,2025-03-01,84933,2025-03-31,2025-03-29,84933,paid
PAY-000648,DIST-058,INV-000648,2025-08-07,82694,2025-08-22,2025-10-02,82694,paid
PAY-000383,DIST-035,INV-000383,2024-10-10,119233,2024-11-24,2024-11-24,119233,paid
PAY-000362,DIST-033,INV-000362,2025-01-26,37869,2025-03-12,2025-03-10,37869,paid
PAY-001132,DIST-101,INV-001132,2025-07-09,211123,2025-08-08,2025-09-11,211123,paid
PAY-000870,DIST-078,INV-000870,2025-08-13,49347,2025-09-27,2025-09-27,49347,paid
PAY-000440,DIST-039,INV-000440,2025-12-09,96158,2025-12-30,2025-12-28,96158,paid
PAY-000393,DIST-036,INV-000393,2025-04-22,25699,2025-06-06,2025-06-03,25699,paid
PAY-001079,DIST-097,INV-001079,2025-07-23,54840,2025-08-22,2025-08-21,54840,paid
PAY-001258,DIST-117,INV-001258,2025-02-06,37575,2025-02-27,2025-06-18,0,written_off
PAY-000638,DIST-057,INV-000638,2025-03-29,37974,2025-04-28,2025-06-11,37974,paid
PAY-000327,DIST-029,INV-000327,2025-06-20,76571,2025-08-04,2025-08-04,76571,paid
PAY-000279,DIST-025,INV-000279,2024-12-20,217747,2025-01-10,2025-01-07,217747,paid
PAY-001246,DIST-115,INV-001246,2025-08-09,90250,2025-09-08,2025-12-18,0,written_off
PAY-001219,DIST-111,INV-001219,2024-12-08,165200,2025-01-22,2025-02-25,165200,paid
PAY-001074,DIST-096,INV-001074,2025-12-03,62376,2026-01-17,,0,overdue
PAY-001073,DIST-096,INV-001073,2025-10-22,163847,2025-12-06,2025-12-17,130867,partial
PAY-000444,DIST-040,INV-000444,2025-07-20,17090,2025-08-10,2025-08-08,17090,paid
PAY-000500,DIST-045,INV-000500,2024-01-04,25370,2024-02-03,2024-02-01,25370,paid
PAY-000740,DIST-065,INV-000740,2026-02-28,60346,2026-03-30,2026-04-29,60346,paid
PAY-000211,DIST-019,INV-000211,2025-01-21,131608,2025-02-11,2025-02-11,131608,paid
PAY-000814,DIST-072,INV-000814,2026-01-09,24591,2026-02-23,2026-04-08,24591,paid
PAY-000170,DIST-015,INV-000170,2025-05-21,33348,2025-07-05,2025-07-04,33348,paid
PAY-000320,DIST-029,INV-000320,2024-10-29,100436,2024-12-13,2024-12-12,100436,paid
PAY-000602,DIST-054,INV-000602,2025-02-16,152821,2025-03-09,2025-03-08,152821,paid
PAY-000785,DIST-070,INV-000785,2024-11-13,104068,2024-12-28,2025-02-02,104068,paid
PAY-001214,DIST-110,INV-001214,2025-04-06,29444,2025-05-21,,0,overdue
PAY-000598,DIST-053,INV-000598,2025-05-10,44168,2025-05-31,2025-06-13,44168,paid
PAY-000957,DIST-085,INV-000957,2025-09-16,18330,2025-10-31,2025-12-10,18330,paid
PAY-000403,DIST-036,INV-000403,2026-03-18,18065,2026-05-02,2026-04-30,18065,paid
PAY-001260,DIST-117,INV-001260,2025-05-06,58658,2025-05-27,2025-09-01,0,written_off
PAY-000735,DIST-065,INV-000735,2025-11-05,57880,2025-12-05,2026-01-17,57880,paid
PAY-000926,DIST-083,INV-000926,2025-04-20,137039,2025-05-11,,0,overdue
PAY-000203,DIST-018,INV-000203,2025-04-26,338901,2025-05-11,2025-05-09,338901,paid
PAY-000178,DIST-016,INV-000178,2025-04-01,27087,2025-04-22,2025-04-19,27087,paid
PAY-000257,DIST-023,INV-000257,2024-11-08,83868,2024-11-23,2024-11-20,83868,paid
PAY-000894,DIST-080,INV-000894,2025-05-24,281634,2025-06-14,2025-07-07,281634,paid
PAY-000410,DIST-037,INV-000410,2024-12-01,224082,2025-01-15,2025-01-15,224082,paid
PAY-000964,DIST-086,INV-000964,2025-04-04,27728,2025-04-19,2025-05-22,27728,paid
PAY-000447,DIST-040,INV-000447,2025-10-29,14719,2025-11-19,2025-11-19,14719,paid
PAY-000508,DIST-045,INV-000508,2024-03-21,15243,2024-04-20,2024-04-18,15243,paid
PAY-000829,DIST-074,INV-000829,2025-01-24,64269,2025-02-23,2025-02-22,64269,paid
PAY-000764,DIST-067,INV-000764,2025-03-20,239119,2025-04-10,2025-05-07,239119,paid
PAY-000479,DIST-043,INV-000479,2025-09-10,72169,2025-10-25,2025-10-24,72169,paid
PAY-000302,DIST-027,INV-000302,2025-10-20,216202,2025-11-10,2025-11-07,216202,paid
PAY-000668,DIST-060,INV-000668,2025-04-13,117504,2025-05-28,2025-07-12,117504,paid
PAY-000565,DIST-050,INV-000565,2024-07-02,73185,2024-07-23,2024-07-23,73185,paid
PAY-000726,DIST-064,INV-000726,2025-11-10,97936,2025-12-01,2026-01-02,97936,paid
PAY-000357,DIST-032,INV-000357,2025-06-18,342401,2025-07-18,2025-07-17,342401,paid
PAY-000095,DIST-008,INV-000095,2025-04-01,315274,2025-04-16,2025-04-14,315274,paid
PAY-001080,DIST-097,INV-001080,2025-09-03,38607,2025-10-03,,0,overdue
PAY-000494,DIST-044,INV-000494,2025-09-21,10510,2025-10-06,2025-10-03,10510,paid
PAY-000281,DIST-025,INV-000281,2025-02-05,331971,2025-02-26,2025-02-23,331971,paid
PAY-000275,DIST-025,INV-000275,2024-09-09,286771,2024-09-30,2024-09-28,286771,paid
PAY-000130,DIST-011,INV-000130,2025-09-18,35906,2025-10-09,2025-10-06,35906,paid
PAY-000709,DIST-063,INV-000709,2025-01-13,154817,2025-02-12,2025-03-20,154817,paid
PAY-001115,DIST-100,INV-001115,2024-11-09,66152,2024-12-24,2024-12-24,66152,paid
PAY-000086,DIST-007,INV-000086,2025-08-04,108841,2025-08-19,2025-08-19,108841,paid
PAY-000226,DIST-020,INV-000226,2025-01-04,240977,2025-01-19,2025-01-16,240977,paid
PAY-001176,DIST-105,INV-001176,2025-05-01,78180,2025-05-16,,0,overdue
PAY-000336,DIST-030,INV-000336,2025-07-08,57868,2025-07-29,2025-07-28,57868,paid
PAY-000892,DIST-079,INV-000892,2025-09-06,126628,2025-09-21,2025-09-20,126628,paid
PAY-000223,DIST-020,INV-000223,2024-09-22,198887,2024-10-07,2024-10-05,198887,paid
PAY-000118,DIST-010,INV-000118,2025-12-07,325814,2026-01-06,2026-01-06,325814,paid
PAY-000374,DIST-034,INV-000374,2025-06-02,261111,2025-06-17,2025-06-14,261111,paid
PAY-001215,DIST-110,INV-001215,2025-04-30,18006,2025-06-14,,0,overdue
PAY-001004,DIST-090,INV-001004,2025-03-19,37416,2025-04-03,2025-03-31,37416,paid
PAY-000780,DIST-069,INV-000780,2024-12-24,74510,2025-01-08,2025-02-12,74510,paid
PAY-001262,DIST-118,INV-001262,2024-10-13,219154,2024-11-12,,0,overdue
PAY-000531,DIST-047,INV-000531,2025-07-10,25039,2025-07-25,2025-07-25,25039,paid
PAY-000961,DIST-086,INV-000961,2024-12-19,19620,2025-01-03,2025-01-23,19620,paid
PAY-000978,DIST-088,INV-000978,2025-02-24,102105,2025-03-26,2025-03-24,102105,paid
PAY-000031,DIST-003,INV-000031,2025-05-20,50714,2025-06-04,2025-06-01,50714,paid
PAY-000621,DIST-055,INV-000621,2025-12-13,124027,2026-01-12,2026-02-14,124027,paid
PAY-000198,DIST-018,INV-000198,2024-11-17,213360,2024-12-02,2024-11-30,213360,paid
PAY-000125,DIST-011,INV-000125,2025-04-30,62625,2025-05-21,2025-05-21,62625,paid
PAY-000261,DIST-024,INV-000261,2024-11-26,153522,2024-12-17,2024-12-16,153522,paid
PAY-000760,DIST-067,INV-000760,2024-11-06,310171,2024-11-27,2024-11-25,310171,paid
PAY-000535,DIST-047,INV-000535,2025-11-15,26605,2025-11-30,2025-11-28,26605,paid
PAY-001016,DIST-091,INV-001016,2025-02-20,31798,2025-03-07,,0,overdue
PAY-000006,DIST-001,INV-000006,2025-04-19,102032,2025-05-10,2025-05-10,102032,paid
PAY-000560,DIST-049,INV-000560,2025-11-10,27462,2025-12-25,2025-12-25,27462,paid
PAY-000615,DIST-055,INV-000615,2025-05-25,105128,2025-06-24,2025-07-17,105128,paid
PAY-001112,DIST-099,INV-001112,2025-05-07,66509,2025-06-21,2025-07-03,46921,partial
PAY-001041,DIST-094,INV-001041,2024-08-10,210470,2024-09-09,2024-09-06,210470,paid
PAY-001033,DIST-093,INV-001033,2025-02-13,144755,2025-03-30,2025-03-27,144755,paid
PAY-000352,DIST-032,INV-000352,2025-01-14,175389,2025-02-13,2025-02-13,175389,paid
PAY-000121,DIST-011,INV-000121,2025-01-12,30283,2025-02-02,2025-01-31,30283,paid
PAY-000033,DIST-003,INV-000033,2025-07-30,60399,2025-08-14,2025-08-13,60399,paid
PAY-000876,DIST-078,INV-000876,2026-02-20,64737,2026-04-06,2026-04-06,64737,paid
PAY-000622,DIST-055,INV-000622,2026-01-18,149967,2026-02-17,2026-02-14,149967,paid
PAY-000988,DIST-088,INV-000988,2026-01-26,84595,2026-02-25,,0,overdue
PAY-001058,DIST-095,INV-001058,2025-09-04,262491,2025-10-04,2025-10-01,262491,paid
PAY-000968,DIST-087,INV-000968,2025-05-29,58548,2025-06-19,,0,overdue
PAY-TRAP-001,DIST-901,INV-TRAP-001,2025-05-29,50000,2025-06-28,2025-06-26,50000,paid
PAY-000011,DIST-002,INV-000011,2025-01-13,89888,2025-01-28,2025-01-28,89888,paid
PAY-000306,DIST-028,INV-000306,2025-03-20,28682,2025-04-10,2025-04-10,28682,paid
PAY-000946,DIST-085,INV-000946,2024-10-19,16224,2024-12-03,2024-12-22,8341,partial
PAY-000165,DIST-015,INV-000165,2024-12-02,28474,2025-01-16,2025-01-13,28474,paid
PAY-000828,DIST-074,INV-000828,2024-12-28,29891,2025-01-27,2025-01-26,29891,paid
PAY-000462,DIST-041,INV-000462,2025-04-08,22233,2025-04-23,2025-04-22,22233,paid
PAY-001138,DIST-102,INV-001138,2025-05-25,48551,2025-06-24,,0,overdue
PAY-000322,DIST-029,INV-000322,2025-01-11,56453,2025-02-25,2025-02-23,56453,paid
PAY-000912,DIST-081,INV-000912,2025-10-01,56083,2025-10-31,2025-10-28,56083,paid
PAY-001126,DIST-101,INV-001126,2025-01-02,214485,2025-02-01,,0,overdue
PAY-001124,DIST-100,INV-001124,2025-08-17,43534,2025-10-01,2025-09-29,43534,paid
PAY-000704,DIST-062,INV-000704,2025-08-16,11193,2025-09-15,2025-10-02,11193,paid
PAY-001234,DIST-113,INV-001234,2024-09-09,21754,2024-09-30,,0,overdue
PAY-001200,DIST-108,INV-001200,2025-07-06,48285,2025-08-20,2025-09-02,29811,partial
PAY-000641,DIST-057,INV-000641,2025-06-11,81885,2025-07-11,2025-07-08,81885,paid
PAY-000499,DIST-045,INV-000499,2024-01-25,30286,2024-02-24,2024-02-22,30286,paid
PAY-000076,DIST-007,INV-000076,2024-09-18,74068,2024-10-03,2024-10-01,74068,paid
PAY-000424,DIST-038,INV-000424,2025-04-21,116561,2025-05-06,2025-05-06,116561,paid
PAY-000023,DIST-002,INV-000023,2025-12-12,217207,2025-12-27,2025-12-27,217207,paid
PAY-000815,DIST-072,INV-000815,2026-02-22,13640,2026-04-08,2026-05-18,13640,paid
PAY-000503,DIST-045,INV-000503,2024-05-20,17433,2024-06-19,2024-06-17,17433,paid
PAY-000104,DIST-009,INV-000104,2025-03-10,87764,2025-04-09,2025-04-06,87764,paid
PAY-001069,DIST-096,INV-001069,2025-06-14,50010,2025-07-29,,0,overdue
PAY-001082,DIST-097,INV-001082,2025-11-22,28202,2025-12-22,2026-01-10,28202,paid
PAY-001157,DIST-104,INV-001157,2025-01-29,260558,2025-02-28,2025-03-09,125276,partial
PAY-000935,DIST-083,INV-000935,2026-03-02,80443,2026-03-23,2026-04-07,80443,paid
PAY-000371,DIST-034,INV-000371,2025-02-19,139672,2025-03-06,2025-03-04,139672,paid
PAY-000865,DIST-077,INV-000865,2025-03-28,15689,2025-05-12,2025-05-11,15689,paid
PAY-000507,DIST-045,INV-000507,2024-04-26,30029,2024-05-26,2024-05-24,30029,paid
PAY-000080,DIST-007,INV-000080,2025-02-07,119953,2025-02-22,2025-02-22,119953,paid
PAY-001011,DIST-090,INV-001011,2025-11-12,64820,2025-11-27,,0,overdue
PAY-000185,DIST-016,INV-000185,2025-10-19,26358,2025-11-09,2025-11-06,26358,paid
PAY-000917,DIST-082,INV-000917,2024-12-25,110540,2025-01-09,,0,overdue
PAY-000269,DIST-024,INV-000269,2025-08-07,156500,2025-08-28,2025-08-26,156500,paid
PAY-000290,DIST-026,INV-000290,2025-09-11,171266,2025-09-26,2025-09-25,171266,paid
PAY-TRAP-000,DIST-900,INV-TRAP-000,2025-06-23,50000,2025-07-23,2025-07-21,50000,paid
PAY-000110,DIST-009,INV-000110,2025-10-10,136766,2025-11-09,2025-11-08,136766,paid
PAY-000126,DIST-011,INV-000126,2025-05-31,65053,2025-06-21,2025-06-21,65053,paid
PAY-001172,DIST-105,INV-001172,2025-01-19,38932,2025-02-03,2025-02-15,19060,partial
PAY-000950,DIST-085,INV-000950,2025-02-27,13896,2025-04-13,2025-04-10,13896,paid
PAY-000471,DIST-042,INV-000471,2025-03-22,107899,2025-04-21,2025-04-18,107899,paid
PAY-000114,DIST-010,INV-000114,2025-08-17,177008,2025-09-16,2025-09-13,177008,paid
PAY-001243,DIST-115,INV-001243,2025-05-18,65132,2025-06-17,,0,overdue
PAY-001213,DIST-110,INV-001213,2025-03-13,29967,2025-04-27,2025-05-07,29967,paid
PAY-001076,DIST-096,INV-001076,2026-01-17,87463,2026-03-03,2026-03-26,87463,paid
PAY-000654,DIST-059,INV-000654,2025-03-23,53688,2025-04-07,2025-04-21,53688,paid
PAY-000024,DIST-002,INV-000024,2026-01-10,163278,2026-01-25,2026-01-25,163278,paid
PAY-001021,DIST-091,INV-001021,2025-09-08,15834,2025-09-23,2025-10-07,7974,partial
PAY-000148,DIST-013,INV-000148,2025-03-08,211909,2025-04-07,2025-04-05,211909,paid
PAY-000958,DIST-085,INV-000958,2025-10-12,13868,2025-11-26,2025-11-25,13868,paid
PAY-000085,DIST-007,INV-000085,2025-07-15,105455,2025-07-30,2025-07-29,105455,paid
PAY-000282,DIST-026,INV-000282,2024-12-09,67050,2024-12-24,2024-12-23,67050,paid
PAY-000053,DIST-005,INV-000053,2024-11-21,68480,2024-12-12,2024-12-10,68480,paid
PAY-000676,DIST-060,INV-000676,2026-01-25,82869,2026-03-11,2026-03-11,82869,paid
PAY-001019,DIST-091,INV-001019,2025-06-18,26052,2025-07-03,,0,overdue
PAY-001006,DIST-090,INV-001006,2025-06-11,39242,2025-06-26,,0,overdue
PAY-000388,DIST-035,INV-000388,2025-02-25,131726,2025-04-11,2025-04-09,131726,paid
PAY-000805,DIST-071,INV-000805,2025-02-15,24791,2025-03-08,2025-04-13,24791,paid
PAY-000827,DIST-074,INV-000827,2024-12-02,22195,2025-01-01,2025-01-12,22195,paid
PAY-000799,DIST-071,INV-000799,2024-08-10,68726,2024-08-31,2024-08-31,68726,paid
PAY-000744,DIST-066,INV-000744,2024-11-14,72682,2024-12-14,2024-12-14,72682,paid
PAY-000252,DIST-022,INV-000252,2026-02-13,41831,2026-03-06,2026-03-03,41831,paid
PAY-001125,DIST-100,INV-001125,2025-09-15,38224,2025-10-30,2025-11-20,38224,paid
PAY-001057,DIST-095,INV-001057,2025-07-31,186164,2025-08-30,2025-10-03,186164,paid
PAY-000199,DIST-018,INV-000199,2024-12-31,206745,2025-01-15,2025-01-13,206745,paid
PAY-000305,DIST-027,INV-000305,2026-01-01,164959,2026-01-22,2026-01-20,164959,paid
PAY-000228,DIST-020,INV-000228,2025-03-14,79755,2025-03-29,2025-03-28,79755,paid
PAY-000920,DIST-082,INV-000920,2025-03-24,107554,2025-04-08,2025-04-05,107554,paid
PAY-000669,DIST-060,INV-000669,2025-05-10,166193,2025-06-24,2025-07-25,166193,paid
PAY-000246,DIST-022,INV-000246,2025-07-30,33418,2025-08-20,2025-08-19,33418,paid
PAY-001224,DIST-111,INV-001224,2025-06-12,60906,2025-07-27,2025-08-07,33174,partial
PAY-001266,DIST-118,INV-001266,2025-03-06,139015,2025-04-05,2025-07-24,0,written_off
PAY-001150,DIST-103,INV-001150,2024-10-15,190895,2024-11-05,,0,overdue
PAY-000647,DIST-058,INV-000647,2025-06-25,42457,2025-07-10,2025-07-29,42457,paid
PAY-001208,DIST-109,INV-001208,2025-09-30,323896,2025-10-15,,0,overdue
PAY-000465,DIST-042,INV-000465,2024-07-30,195658,2024-08-29,2024-08-27,195658,paid
PAY-000134,DIST-012,INV-000134,2025-03-31,34936,2025-04-21,2025-04-20,34936,paid
PAY-001249,DIST-115,INV-001249,2025-11-12,88409,2025-12-12,,0,overdue
PAY-000761,DIST-067,INV-000761,2024-11-27,140354,2024-12-18,2025-01-31,140354,paid
PAY-000026,DIST-003,INV-000026,2024-12-28,30452,2025-01-12,2025-01-12,30452,paid
PAY-001118,DIST-100,INV-001118,2025-02-02,34917,2025-03-19,2025-04-04,15463,partial
PAY-000586,DIST-052,INV-000586,2024-07-29,137411,2024-08-19,2024-09-13,137411,paid
PAY-000081,DIST-007,INV-000081,2025-03-05,117816,2025-03-20,2025-03-18,117816,paid
PAY-001206,DIST-109,INV-001206,2025-08-16,189326,2025-08-31,2025-10-01,189326,paid
PAY-000943,DIST-084,INV-000943,2025-07-31,63635,2025-09-14,2025-09-24,38727,partial
PAY-000557,DIST-049,INV-000557,2025-07-23,33512,2025-09-06,2025-09-03,33512,paid
PAY-000725,DIST-064,INV-000725,2025-10-21,115421,2025-11-11,2025-12-22,115421,paid
PAY-000633,DIST-056,INV-000633,2025-03-04,123621,2025-03-19,2025-04-14,123621,paid
PAY-000029,DIST-003,INV-000029,2025-03-29,50442,2025-04-13,2025-04-11,50442,paid
PAY-000157,DIST-014,INV-000157,2025-06-17,59251,2025-07-08,2025-07-06,59251,paid
PAY-000608,DIST-054,INV-000608,2025-09-17,96694,2025-10-08,2025-10-08,96694,paid
PAY-000789,DIST-070,INV-000789,2025-04-01,116551,2025-05-16,2025-06-15,116551,paid
PAY-000644,DIST-058,INV-000644,2025-04-17,94364,2025-05-02,2025-05-01,94364,paid
PAY-000012,DIST-002,INV-000012,2025-02-09,240406,2025-02-24,2025-02-22,240406,paid
PAY-001127,DIST-101,INV-001127,2025-01-23,105058,2025-02-22,2025-03-14,50385,partial
PAY-000027,DIST-003,INV-000027,2025-01-20,48568,2025-02-04,2025-02-04,48568,paid
PAY-001012,DIST-091,INV-001012,2024-10-22,15509,2024-11-06,,0,overdue
PAY-000096,DIST-008,INV-000096,2025-05-02,198019,2025-05-17,2025-05-15,198019,paid
PAY-000209,DIST-019,INV-000209,2024-11-14,59114,2024-12-05,2024-12-03,59114,paid
PAY-000331,DIST-030,INV-000331,2025-02-01,137135,2025-02-22,2025-02-19,137135,paid
PAY-000972,DIST-087,INV-000972,2025-10-08,45926,2025-10-29,,0,overdue
PAY-000163,DIST-015,INV-000163,2024-10-05,17024,2024-11-19,2024-11-17,17024,paid
PAY-000567,DIST-050,INV-000567,2024-09-04,81431,2024-09-25,2024-09-23,81431,paid
PAY-000858,DIST-077,INV-000858,2024-08-14,28630,2024-09-28,2024-09-26,28630,paid
PAY-000267,DIST-024,INV-000267,2025-06-21,108060,2025-07-12,2025-07-12,108060,paid
PAY-000939,DIST-084,INV-000939,2025-03-12,60635,2025-04-26,2025-04-26,60635,paid
PAY-001247,DIST-115,INV-001247,2025-09-11,44604,2025-10-11,2025-12-16,0,written_off
PAY-001071,DIST-096,INV-001071,2025-08-23,116762,2025-10-07,,0,overdue
PAY-000864,DIST-077,INV-000864,2025-02-24,26352,2025-04-10,2025-04-29,26352,paid
PAY-000803,DIST-071,INV-000803,2024-12-08,25091,2024-12-29,2025-01-11,25091,paid
PAY-000243,DIST-021,INV-000243,2025-11-25,60576,2025-12-10,2025-12-07,60576,paid
PAY-000259,DIST-023,INV-000259,2025-01-19,136459,2025-02-03,2025-02-02,136459,paid
PAY-001088,DIST-097,INV-001088,2026-05-28,58903,2026-06-27,,0,overdue
PAY-000474,DIST-043,INV-000474,2025-03-17,71749,2025-05-01,2025-04-29,71749,paid
PAY-001090,DIST-098,INV-001090,2025-04-26,125822,2025-05-17,2025-05-17,125822,paid
PAY-001231,DIST-112,INV-001231,2025-05-18,24540,2025-06-02,2025-06-12,14496,partial
PAY-000652,DIST-058,INV-000652,2025-12-17,55038,2026-01-01,2026-01-01,55038,paid
PAY-000826,DIST-073,INV-000826,2026-02-24,285020,2026-04-10,2026-04-09,285020,paid
PAY-000356,DIST-032,INV-000356,2025-05-20,276362,2025-06-19,2025-06-16,276362,paid
PAY-000800,DIST-071,INV-000800,2024-09-11,35663,2024-10-02,2024-10-02,35663,paid
PAY-000264,DIST-024,INV-000264,2025-03-05,219437,2025-03-26,2025-03-25,219437,paid
PAY-000879,DIST-078,INV-000879,2026-05-01,29334,2026-06-15,2026-06-08,29334,paid
PAY-000106,DIST-009,INV-000106,2025-05-20,80461,2025-06-19,2025-06-18,80461,paid
PAY-000806,DIST-071,INV-000806,2025-03-14,63229,2025-04-04,2025-04-14,63229,paid
PAY-000395,DIST-036,INV-000395,2025-07-09,28323,2025-08-23,2025-08-23,28323,paid
PAY-000802,DIST-071,INV-000802,2024-11-16,35073,2024-12-07,2024-12-04,35073,paid
PAY-000496,DIST-044,INV-000496,2025-11-30,24258,2025-12-15,2025-12-13,24258,paid
PAY-001188,DIST-106,INV-001188,2025-06-07,109692,2025-07-07,,0,overdue
PAY-000350,DIST-031,INV-000350,2026-06-06,138391,2026-07-21,2026-07-19,138391,paid
PAY-000687,DIST-061,INV-000687,2025-09-13,60312,2025-10-13,2025-10-27,60312,paid
PAY-000651,DIST-058,INV-000651,2025-11-26,92208,2025-12-11,2026-01-15,92208,paid
PAY-000767,DIST-068,INV-000767,2024-06-02,252196,2024-07-02,2024-07-12,252196,paid
PAY-000315,DIST-028,INV-000315,2026-02-28,12774,2026-03-21,2026-03-19,12774,paid
PAY-000054,DIST-005,INV-000054,2024-12-11,36957,2025-01-01,2024-12-29,36957,paid
PAY-000032,DIST-003,INV-000032,2025-06-25,56459,2025-07-10,2025-07-07,56459,paid
PAY-001077,DIST-097,INV-001077,2025-05-22,27162,2025-06-21,2025-07-14,27162,paid
PAY-001054,DIST-095,INV-001054,2025-04-29,195264,2025-05-29,2025-05-28,195264,paid
PAY-000009,DIST-001,INV-000009,2025-08-07,90559,2025-08-28,2025-08-25,90559,paid
PAY-000495,DIST-044,INV-000495,2025-10-29,10555,2025-11-13,2025-11-11,10555,paid
PAY-000850,DIST-076,INV-000850,2025-03-04,24201,2025-03-25,2025-05-02,24201,paid
PAY-000630,DIST-056,INV-000630,2024-11-18,206932,2024-12-03,2024-12-16,206932,paid
PAY-000542,DIST-048,INV-000542,2025-04-07,46673,2025-05-07,2025-05-07,46673,paid
PAY-000549,DIST-048,INV-000549,2025-12-19,65872,2026-01-18,2026-01-17,65872,paid
PAY-001089,DIST-098,INV-001089,2025-03-20,237262,2025-04-10,,0,overdue
PAY-001040,DIST-093,INV-001040,2025-09-12,275277,2025-10-27,2025-12-11,275277,paid
PAY-000459,DIST-041,INV-000459,2024-12-22,21895,2025-01-06,2025-01-03,21895,paid
PAY-000768,DIST-068,INV-000768,2024-06-22,268176,2024-07-22,2024-08-27,268176,paid
PAY-000016,DIST-002,INV-000016,2025-06-10,200061,2025-06-25,2025-06-23,200061,paid
PAY-000811,DIST-072,INV-000811,2025-10-15,13441,2025-11-29,2025-12-11,13441,paid
PAY-000846,DIST-076,INV-000846,2024-10-19,63158,2024-11-09,2024-11-06,63158,paid
PAY-000951,DIST-085,INV-000951,2025-03-19,29048,2025-05-03,2025-04-30,29048,paid
PAY-000719,DIST-064,INV-000719,2025-04-28,144297,2025-05-19,2025-06-16,144297,paid
PAY-000255,DIST-023,INV-000255,2024-08-18,136687,2024-09-02,2024-08-30,136687,paid
PAY-000962,DIST-086,INV-000962,2025-01-14,29073,2025-01-29,2025-02-24,29073,paid
PAY-000401,DIST-036,INV-000401,2025-12-27,14845,2026-02-10,2026-02-09,14845,paid
PAY-001203,DIST-109,INV-001203,2025-05-17,196185,2025-06-01,2025-06-09,147862,partial
PAY-000781,DIST-069,INV-000781,2025-01-16,158739,2025-01-31,2025-01-28,158739,paid
PAY-000932,DIST-083,INV-000932,2025-11-22,123433,2025-12-13,2025-12-23,123433,paid
PAY-001227,DIST-112,INV-001227,2024-12-31,30695,2025-01-15,2025-01-24,12963,partial
PAY-001184,DIST-106,INV-001184,2025-02-02,116369,2025-03-04,2025-03-21,59059,partial
PAY-000862,DIST-077,INV-000862,2024-12-19,30557,2025-02-02,2025-03-09,30557,paid
PAY-000594,DIST-053,INV-000594,2024-12-30,75969,2025-01-20,2025-02-15,75969,paid
PAY-000067,DIST-006,INV-000067,2025-04-14,54550,2025-05-14,2025-05-14,54550,paid
PAY-001031,DIST-093,INV-001031,2024-11-18,138175,2025-01-02,2025-01-25,138175,paid
PAY-000910,DIST-081,INV-000910,2025-08-08,136293,2025-09-07,,0,overdue
PAY-000205,DIST-018,INV-000205,2025-06-16,252575,2025-07-01,2025-06-30,252575,paid
PAY-001017,DIST-091,INV-001017,2025-03-30,29158,2025-04-14,2025-04-14,29158,paid
PAY-001086,DIST-097,INV-001086,2026-03-26,46573,2026-04-25,2026-06-09,46573,paid
PAY-000843,DIST-075,INV-000843,2025-04-08,26587,2025-05-08,2025-05-22,26587,paid
PAY-001114,DIST-100,INV-001114,2024-10-14,30653,2024-11-28,2025-01-02,30653,paid
PAY-000184,DIST-016,INV-000184,2025-09-21,16758,2025-10-12,2025-10-12,16758,paid
PAY-000213,DIST-019,INV-000213,2025-03-07,137506,2025-03-28,2025-03-25,137506,paid
PAY-000180,DIST-016,INV-000180,2025-05-26,17219,2025-06-16,2025-06-13,17219,paid
PAY-000204,DIST-018,INV-000204,2025-05-21,210143,2025-06-05,2025-06-02,210143,paid
PAY-000581,DIST-051,INV-000581,2025-09-09,20213,2025-09-24,2025-09-23,20213,paid
PAY-000896,DIST-080,INV-000896,2025-07-29,119133,2025-08-19,2025-09-04,119133,paid
PAY-000584,DIST-051,INV-000584,2025-11-26,24572,2025-12-11,2026-01-19,24572,paid
PAY-000782,DIST-069,INV-000782,2025-02-10,118973,2025-02-25,2025-02-24,118973,paid
PAY-000893,DIST-079,INV-000893,2025-10-09,81141,2025-10-24,2025-11-30,81141,paid
PAY-000334,DIST-030,INV-000334,2025-04-30,93337,2025-05-21,2025-05-18,93337,paid
PAY-000363,DIST-033,INV-000363,2025-02-16,50407,2025-04-02,2025-04-01,50407,paid
PAY-000765,DIST-067,INV-000765,2025-04-22,152712,2025-05-13,2025-06-24,152712,paid
PAY-001163,DIST-104,INV-001163,2025-08-14,165528,2025-09-13,2025-09-18,100890,partial
PAY-001141,DIST-102,INV-001141,2025-09-16,43589,2025-10-16,2025-11-04,43589,paid
PAY-001179,DIST-106,INV-001179,2024-09-01,255980,2024-10-01,,0,overdue
PAY-001137,DIST-101,INV-001137,2025-12-01,76505,2025-12-31,2026-02-09,76505,paid
PAY-000688,DIST-061,INV-000688,2025-10-05,36915,2025-11-04,2025-11-01,36915,paid
PAY-001072,DIST-096,INV-001072,2025-09-16,122133,2025-10-31,2025-10-29,122133,paid
PAY-000873,DIST-078,INV-000873,2025-11-15,30210,2025-12-30,2025-12-27,30210,paid
PAY-000722,DIST-064,INV-000722,2025-07-18,130121,2025-08-08,2025-08-19,130121,paid
PAY-000721,DIST-064,INV-000721,2025-06-19,132173,2025-07-10,2025-08-12,132173,paid
PAY-000841,DIST-075,INV-000841,2025-01-27,31287,2025-02-26,2025-02-23,31287,paid
PAY-000848,DIST-076,INV-000848,2024-12-22,27860,2025-01-12,2025-02-14,27860,paid
PAY-000934,DIST-083,INV-000934,2026-01-17,79549,2026-02-07,2026-02-04,79549,paid
PAY-001139,DIST-102,INV-001139,2025-06-27,44880,2025-07-27,2025-08-04,30634,partial
PAY-000256,DIST-023,INV-000256,2024-09-29,65861,2024-10-14,2024-10-13,65861,paid
PAY-001029,DIST-092,INV-001029,2025-07-11,213946,2025-08-10,2025-09-07,213946,paid
PAY-000629,DIST-056,INV-000629,2024-10-13,325725,2024-10-28,2024-11-22,325725,paid
PAY-000619,DIST-055,INV-000619,2025-09-22,301588,2025-10-22,2025-10-20,301588,paid
PAY-000034,DIST-003,INV-000034,2025-09-10,34524,2025-09-25,2025-09-24,34524,paid
PAY-000746,DIST-066,INV-000746,2025-01-06,101602,2025-02-05,2025-02-03,101602,paid
PAY-000759,DIST-067,INV-000759,2024-09-29,310609,2024-10-20,2024-11-12,310609,paid
PAY-001143,DIST-102,INV-001143,2025-11-14,32877,2025-12-14,,0,overdue
PAY-000392,DIST-036,INV-000392,2025-03-25,22012,2025-05-09,2025-05-06,22012,paid
PAY-000430,DIST-039,INV-000430,2025-01-03,181919,2025-01-24,2025-01-24,181919,paid
PAY-000713,DIST-063,INV-000713,2025-04-23,185294,2025-05-23,2025-07-05,185294,paid
PAY-000443,DIST-040,INV-000443,2025-06-18,18202,2025-07-09,2025-07-09,18202,paid
PAY-000774,DIST-068,INV-000774,2025-02-20,189491,2025-03-22,2025-03-21,189491,paid
PAY-000341,DIST-031,INV-000341,2025-08-24,88311,2025-10-08,2025-10-06,88311,paid
PAY-001119,DIST-100,INV-001119,2025-03-17,29307,2025-05-01,2025-06-02,29307,paid
PAY-000861,DIST-077,INV-000861,2024-11-20,10213,2025-01-04,2025-02-02,10213,paid
PAY-000385,DIST-035,INV-000385,2024-12-13,119910,2025-01-27,2025-01-24,119910,paid
PAY-000448,DIST-040,INV-000448,2025-12-13,21891,2026-01-03,2026-01-01,21891,paid
PAY-000075,DIST-007,INV-000075,2024-08-23,161516,2024-09-07,2024-09-05,161516,paid
PAY-000200,DIST-018,INV-000200,2025-01-28,140491,2025-02-12,2025-02-12,140491,paid
PAY-000921,DIST-082,INV-000921,2025-05-03,134295,2025-05-18,,0,overdue
PAY-000258,DIST-023,INV-000258,2024-12-11,79906,2024-12-26,2024-12-25,79906,paid
PAY-000923,DIST-082,INV-000923,2025-07-01,87378,2025-07-16,,0,overdue
PAY-000008,DIST-001,INV-000008,2025-07-01,67322,2025-07-22,2025-07-19,67322,paid
PAY-001067,DIST-096,INV-001067,2025-03-28,87322,2025-05-12,,0,overdue
PAY-001241,DIST-114,INV-001241,2025-04-30,166431,2025-06-14,2025-08-30,0,written_off
PAY-000833,DIST-074,INV-000833,2025-05-28,26862,2025-06-27,2025-07-14,26862,paid
PAY-000233,DIST-020,INV-000233,2025-08-13,97160,2025-08-28,2025-08-25,97160,paid
PAY-001144,DIST-102,INV-001144,2025-12-10,99682,2026-01-09,2026-01-20,56870,partial
PAY-001023,DIST-092,INV-001023,2024-12-16,344962,2025-01-15,2025-02-14,344962,paid
PAY-000303,DIST-027,INV-000303,2025-11-15,99883,2025-12-06,2025-12-04,99883,paid
PAY-000940,DIST-084,INV-000940,2025-04-08,62346,2025-05-23,2025-05-21,62346,paid
PAY-000309,DIST-028,INV-000309,2025-07-14,21607,2025-08-04,2025-08-04,21607,paid
PAY-000030,DIST-003,INV-000030,2025-04-26,46269,2025-05-11,2025-05-09,46269,paid
PAY-000649,DIST-058,INV-000649,2025-09-11,31472,2025-09-26,2025-09-23,31472,paid
PAY-000664,DIST-059,INV-000664,2026-02-20,65424,2026-03-07,2026-03-27,65424,paid
PAY-000297,DIST-027,INV-000297,2025-04-11,82511,2025-05-02,2025-04-29,82511,paid
PAY-000160,DIST-014,INV-000160,2025-09-29,56869,2025-10-20,2025-10-20,56869,paid
PAY-001159,DIST-104,INV-001159,2025-03-28,208425,2025-04-27,,0,overdue
PAY-000021,DIST-002,INV-000021,2025-10-21,92461,2025-11-05,2025-11-03,92461,paid
PAY-000797,DIST-070,INV-000797,2025-12-02,149652,2026-01-16,2026-01-14,149652,paid
PAY-000727,DIST-064,INV-000727,2025-12-02,238204,2025-12-23,2026-01-28,238204,paid
PAY-000895,DIST-080,INV-000895,2025-06-28,202819,2025-07-19,2025-07-19,202819,paid
PAY-000330,DIST-030,INV-000330,2025-01-09,63670,2025-01-30,2025-01-28,63670,paid
PAY-001097,DIST-098,INV-001097,2025-11-22,220786,2025-12-13,2026-01-18,220786,paid
PAY-000974,DIST-087,INV-000974,2025-12-06,32643,2025-12-27,2026-01-25,32643,paid
PAY-000987,DIST-088,INV-000987,2026-01-03,70765,2026-02-02,2026-02-19,36603,partial
PAY-000859,DIST-077,INV-000859,2024-09-09,27641,2024-10-24,2024-10-23,27641,paid
PAY-000716,DIST-063,INV-000716,2025-08-17,204190,2025-09-16,2025-10-27,204190,paid
PAY-000407,DIST-037,INV-000407,2024-09-13,221026,2024-10-28,2024-10-25,221026,paid
PAY-000337,DIST-030,INV-000337,2025-08-13,130584,2025-09-03,2025-08-31,130584,paid
PAY-000609,DIST-054,INV-000609,2025-10-17,69221,2025-11-07,2025-11-07,69221,paid
PAY-000701,DIST-062,INV-000701,2025-06-03,20568,2025-07-03,2025-08-14,20568,paid
PAY-000878,DIST-078,INV-000878,2026-04-11,21602,2026-05-26,2026-05-23,21602,paid
PAY-000190,DIST-017,INV-000190,2025-09-12,62988,2025-10-27,2025-10-24,62988,paid
PAY-001185,DIST-106,INV-001185,2025-02-26,158635,2025-03-28,,0,overdue
PAY-000377,DIST-034,INV-000377,2025-09-20,187112,2025-10-05,2025-10-04,187112,paid
PAY-000532,DIST-047,INV-000532,2025-08-12,32419,2025-08-27,2025-08-27,32419,paid
PAY-000439,DIST-039,INV-000439,2025-11-06,115176,2025-11-27,2025-11-26,115176,paid
PAY-001075,DIST-096,INV-001075,2025-12-24,79637,2026-02-07,2026-02-06,79637,paid
PAY-000860,DIST-077,INV-000860,2024-10-23,27904,2024-12-07,2025-01-20,27904,paid
PAY-000925,DIST-082,INV-000925,2025-08-19,87624,2025-09-03,2025-09-26,87624,paid
PAY-000611,DIST-054,INV-000611,2025-12-24,128544,2026-01-14,2026-01-12,128544,paid
PAY-000168,DIST-015,INV-000168,2025-03-13,29984,2025-04-27,2025-04-27,29984,paid
PAY-000830,DIST-074,INV-000830,2025-02-23,62376,2025-03-25,2025-03-24,62376,paid
PAY-000561,DIST-049,INV-000561,2025-12-11,20521,2026-01-25,2026-01-23,20521,paid
PAY-000142,DIST-013,INV-000142,2024-09-04,154644,2024-10-04,2024-10-04,154644,paid
PAY-000291,DIST-026,INV-000291,2025-10-03,101462,2025-10-18,2025-10-15,101462,paid
PAY-000172,DIST-015,INV-000172,2025-08-08,19579,2025-09-22,2025-09-19,19579,paid
PAY-000361,DIST-033,INV-000361,2024-12-23,50876,2025-02-06,2025-02-05,50876,paid
PAY-000517,DIST-046,INV-000517,2024-12-29,45048,2025-01-13,2025-01-10,45048,paid
PAY-000553,DIST-049,INV-000553,2025-02-21,17522,2025-04-07,2025-04-06,17522,paid
PAY-000867,DIST-078,INV-000867,2025-05-04,61714,2025-06-18,2025-07-19,61714,paid
PAY-000047,DIST-004,INV-000047,2025-11-28,104134,2025-12-28,2025-12-25,104134,paid
PAY-000434,DIST-039,INV-000434,2025-05-31,93503,2025-06-21,2025-06-20,93503,paid
PAY-000111,DIST-010,INV-000111,2025-05-31,243547,2025-06-30,2025-06-27,243547,paid
PAY-001195,DIST-107,INV-001195,2025-11-25,229980,2025-12-25,2025-12-31,162222,partial
PAY-001263,DIST-118,INV-001263,2024-11-07,261265,2024-12-07,2025-03-09,0,written_off
PAY-000881,DIST-079,INV-000881,2024-09-14,66241,2024-09-29,2024-10-22,66241,paid
PAY-000741,DIST-065,INV-000741,2026-04-01,49444,2026-05-01,2026-04-28,49444,paid
PAY-000128,DIST-011,INV-000128,2025-07-13,63062,2025-08-03,2025-08-03,63062,paid
PAY-000779,DIST-069,INV-000779,2024-12-04,138371,2024-12-19,2024-12-18,138371,paid
PAY-000065,DIST-006,INV-000065,2025-01-25,41555,2025-02-24,2025-02-22,41555,paid
PAY-001164,DIST-104,INV-001164,2025-09-08,187341,2025-10-08,2025-10-17,127145,partial
PAY-000656,DIST-059,INV-000656,2025-05-25,38770,2025-06-09,2025-07-11,38770,paid
PAY-000438,DIST-039,INV-000438,2025-10-04,231514,2025-10-25,2025-10-22,231514,paid
PAY-000299,DIST-027,INV-000299,2025-06-26,174585,2025-07-17,2025-07-14,174585,paid
PAY-000963,DIST-086,INV-000963,2025-02-27,32827,2025-03-14,2025-04-15,32827,paid
PAY-000319,DIST-029,INV-000319,2024-09-16,38516,2024-10-31,2024-10-28,38516,paid
PAY-001117,DIST-100,INV-001117,2025-01-03,37787,2025-02-17,2025-02-14,37787,paid
PAY-000079,DIST-007,INV-000079,2024-12-30,84204,2025-01-14,2025-01-14,84204,paid
PAY-000931,DIST-083,INV-000931,2025-10-17,106113,2025-11-07,2025-11-19,64135,partial
PAY-000571,DIST-050,INV-000571,2025-01-22,57569,2025-02-12,2025-02-09,57569,paid
PAY-000235,DIST-021,INV-000235,2025-04-14,56772,2025-04-29,2025-04-26,56772,paid
PAY-000976,DIST-087,INV-000976,2026-02-21,64332,2026-03-14,2026-03-12,64332,paid
PAY-000436,DIST-039,INV-000436,2025-08-06,205899,2025-08-27,2025-08-26,205899,paid
PAY-000996,DIST-089,INV-000996,2025-03-06,33524,2025-03-21,,0,overdue
PAY-000702,DIST-062,INV-000702,2025-06-26,28299,2025-07-26,2025-08-28,28299,paid
PAY-000650,DIST-058,INV-000650,2025-10-19,48197,2025-11-03,2025-11-01,48197,paid
PAY-000133,DIST-012,INV-000133,2025-03-02,30999,2025-03-23,2025-03-22,30999,paid
PAY-000674,DIST-060,INV-000674,2025-11-26,160712,2026-01-10,2026-01-27,160712,paid
PAY-000823,DIST-073,INV-000823,2025-11-02,155756,2025-12-17,2025-12-16,155756,paid
PAY-000409,DIST-037,INV-000409,2024-11-05,115851,2024-12-20,2024-12-19,115851,paid
PAY-000888,DIST-079,INV-000888,2025-05-03,159904,2025-05-18,2025-06-26,159904,paid
PAY-000813,DIST-072,INV-000813,2025-12-11,33993,2026-01-25,2026-01-23,33993,paid
PAY-000222,DIST-020,INV-000222,2024-08-21,113085,2024-09-05,2024-09-05,113085,paid
PAY-000370,DIST-034,INV-000370,2025-01-21,147396,2025-02-05,2025-02-05,147396,paid
PAY-000176,DIST-016,INV-000176,2025-01-24,19968,2025-02-14,2025-02-12,19968,paid
PAY-000224,DIST-020,INV-000224,2024-11-03,148144,2024-11-18,2024-11-18,148144,paid
PAY-000953,DIST-085,INV-000953,2025-05-19,23429,2025-07-03,,0,overdue
PAY-001096,DIST-098,INV-001096,2025-10-11,125131,2025-11-01,2025-10-30,125131,paid
PAY-000960,DIST-086,INV-000960,2024-11-26,34811,2024-12-11,,0,overdue
PAY-000955,DIST-085,INV-000955,2025-07-27,21591,2025-09-10,2025-10-19,21591,paid
PAY-000715,DIST-063,INV-000715,2025-07-14,168530,2025-08-13,2025-08-10,168530,paid
PAY-000192,DIST-017,INV-000192,2025-11-10,74134,2025-12-25,2025-12-25,74134,paid
PAY-000947,DIST-085,INV-000947,2024-11-28,15035,2025-01-12,2025-01-09,15035,paid
PAY-000796,DIST-070,INV-000796,2025-10-25,103993,2025-12-09,2025-12-20,103993,paid
PAY-000457,DIST-041,INV-000457,2024-10-08,22477,2024-10-23,2024-10-21,22477,paid
PAY-000150,DIST-013,INV-000150,2025-05-08,163584,2025-06-07,2025-06-07,163584,paid
PAY-000818,DIST-073,INV-000818,2025-05-08,218931,2025-06-22,2025-07-31,218931,paid
PAY-001168,DIST-105,INV-001168,2024-09-03,30270,2024-09-18,,0,overdue
PAY-000325,DIST-029,INV-000325,2025-04-12,66467,2025-05-27,2025-05-27,66467,paid
PAY-000770,DIST-068,INV-000770,2024-09-11,198197,2024-10-11,2024-10-26,198197,paid
PAY-000596,DIST-053,INV-000596,2025-03-06,85265,2025-03-27,2025-03-24,85265,paid
PAY-000216,DIST-019,INV-000216,2025-06-25,78230,2025-07-16,2025-07-13,78230,paid
PAY-000317,DIST-028,INV-000317,2026-05-04,14381,2026-05-25,2026-05-25,14381,paid
PAY-000017,DIST-002,INV-000017,2025-07-10,247572,2025-07-25,2025-07-25,247572,paid
PAY-001149,DIST-103,INV-001149,2024-09-10,207726,2024-10-01,2024-10-27,207726,paid
PAY-000502,DIST-045,INV-000502,2024-03-20,15352,2024-04-19,2024-04-17,15352,paid
PAY-000117,DIST-010,INV-000117,2025-10-30,154402,2025-11-29,2025-11-28,154402,paid
PAY-000088,DIST-008,INV-000088,2024-08-31,276169,2024-09-15,2024-09-12,276169,paid
PAY-000539,DIST-048,INV-000539,2025-01-03,30900,2025-02-02,2025-02-02,30900,paid
PAY-000922,DIST-082,INV-000922,2025-06-04,114893,2025-06-19,,0,overdue
PAY-001037,DIST-093,INV-001037,2025-06-17,289428,2025-08-01,,0,overdue
PAY-000847,DIST-076,INV-000847,2024-11-14,35299,2024-12-05,2025-01-08,35299,paid
PAY-000171,DIST-015,INV-000171,2025-06-25,28819,2025-08-09,2025-08-06,28819,paid
PAY-000766,DIST-067,INV-000766,2025-06-06,179575,2025-06-27,2025-07-28,179575,paid
PAY-000643,DIST-057,INV-000643,2025-08-21,80535,2025-09-20,2025-10-25,80535,paid
PAY-001050,DIST-095,INV-001050,2024-12-12,214725,2025-01-11,2025-01-11,214725,paid
PAY-000752,DIST-066,INV-000752,2025-07-01,53613,2025-07-31,2025-08-24,53613,paid
PAY-000903,DIST-080,INV-000903,2026-02-15,128670,2026-03-08,2026-03-07,128670,paid
PAY-000265,DIST-024,INV-000265,2025-04-02,84950,2025-04-23,2025-04-23,84950,paid
PAY-000838,DIST-075,INV-000838,2024-10-28,29077,2024-11-27,2024-12-19,29077,paid
PAY-000822,DIST-073,INV-000822,2025-09-23,154851,2025-11-07,2025-11-07,154851,paid
PAY-000588,DIST-052,INV-000588,2024-09-22,122560,2024-10-13,2024-10-10,122560,paid
PAY-TRAP-003,DIST-903,INV-TRAP-003,2025-11-16,50000,2025-12-16,2025-12-14,50000,paid
PAY-000082,DIST-007,INV-000082,2025-04-02,67694,2025-04-17,2025-03-29,67694,paid
PAY-001000,DIST-090,INV-001000,2024-11-12,20831,2024-11-27,2024-11-25,20831,paid
PAY-001165,DIST-104,INV-001165,2025-10-07,83520,2025-11-06,2025-11-19,83520,paid
PAY-000254,DIST-023,INV-000254,2024-07-16,131469,2024-07-31,2024-07-29,131469,paid
PAY-000288,DIST-026,INV-000288,2025-06-20,160801,2025-07-05,2025-07-04,160801,paid
PAY-000906,DIST-081,INV-000906,2025-03-23,133924,2025-04-22,2025-05-02,133924,paid
PAY-000525,DIST-046,INV-000525,2025-08-31,66403,2025-09-15,2025-09-12,66403,paid
PAY-000970,DIST-087,INV-000970,2025-08-09,39883,2025-08-30,,0,overdue
PAY-000529,DIST-047,INV-000529,2025-04-26,31313,2025-05-11,2025-05-08,31313,paid
PAY-000944,DIST-084,INV-000944,2025-09-03,51489,2025-10-18,,0,overdue
PAY-000367,DIST-033,INV-000367,2025-07-07,39721,2025-08-21,2025-08-18,39721,paid
PAY-000146,DIST-013,INV-000146,2025-01-20,181528,2025-02-19,2025-02-17,181528,paid
PAY-000183,DIST-016,INV-000183,2025-08-22,25262,2025-09-12,2025-09-10,25262,paid
PAY-000724,DIST-064,INV-000724,2025-09-22,250653,2025-10-13,2025-10-11,250653,paid
PAY-000745,DIST-066,INV-000745,2024-12-13,98742,2025-01-12,2025-01-10,98742,paid
PAY-001181,DIST-106,INV-001181,2024-10-16,175760,2024-11-15,2024-11-23,139114,partial
